engine_size,fuel_type,avg_speed,max_speed,avg_acceleration,trip_distance,trip_duration,fuel_consumed
2.0,1,98.6,133.8,4.79,60.49,36.8,5.327
2.0,1,21.1,48.8,3.81,71.39,203.02,6.321
1.2,0,90.8,219.2,0.5,99.24,65.57,6.118
2.7,0,70.1,119.5,2.1,61.96,53.03,6.324
1.2,0,55.2,136.6,3.07,86.27,93.85,6.555
2.4,1,21.8,53.0,5.81,81.22,223.24,8.886
1.5,1,39.2,56.4,4.26,61.78,94.46,3.954
1.2,0,110.5,161.6,4.14,32.55,17.68,2.941
2.7,0,74.6,85.3,5.13,46.08,37.05,6.09
1.5,0,77.8,185.9,0.99,21.21,16.36,1.212
2.2,1,103.7,222.5,3.47,59.5,34.44,7.244
2.4,1,46.1,61.4,0.59,43.49,56.6,2.839
2.2,1,15.6,34.9,4.39,73.44,282.84,8.943
1.5,1,112.3,225.8,5.53,85.3,45.59,7.36
1.0,0,21.7,33.3,2.29,73.5,203.48,3.981
1.2,0,64.6,81.9,4.42,76.56,71.12,5.166
2.0,1,19.2,40.3,1.11,45.05,140.46,4.209
2.0,1,64.9,122.6,4.33,15.65,14.47,1.237
1.5,0,114.0,221.0,4.32,88.29,46.47,8.376
2.4,1,26.1,45.4,1.7,42.82,98.52,3.534
2.7,0,27.8,44.5,5.49,28.67,61.83,4.582
2.4,1,100.9,232.6,0.54,52.05,30.96,5.068
1.5,1,87.7,129.6,1.84,18.49,12.65,0.873
2.2,1,88.8,142.9,5.84,96.32,65.07,8.882
1.2,0,89.8,117.4,5.99,28.14,18.81,2.279
2.0,0,18.5,29.2,3.99,68.71,223.2,8.603
2.7,0,118.5,170.5,4.2,76.64,38.81,11.764
2.0,0,53.6,106.4,3.98,54.51,60.99,4.448
1.0,0,30.8,55.8,4.33,86.12,167.63,4.779
1.5,0,16.7,30.4,1.75,65.23,233.76,4.878
1.0,0,56.7,103.6,5.11,68.22,72.13,4.018
1.2,0,112.1,261.0,1.92,66.68,35.69,5.014
2.4,1,69.2,101.5,5.98,96.61,83.71,8.796
2.0,1,50.6,80.4,4.49,89.92,106.62,7.5
2.2,1,108.2,248.0,5.65,78.96,43.78,10.228
1.2,0,54.1,130.7,5.86,29.82,33.08,2.365
1.2,0,87.6,176.4,1.73,71.79,49.15,4.097
1.5,1,33.8,54.5,4.59,72.65,129.06,4.192
1.2,0,81.8,118.7,3.74,97.93,71.82,7.488
2.2,1,81.3,179.8,3.26,58.54,43.22,5.545
1.5,1,39.2,70.5,3.65,77.32,118.44,4.216
1.5,1,107.8,231.4,5.74,34.41,19.16,3.031
1.2,0,117.9,142.2,2.18,20.71,10.54,1.629
1.2,0,32.8,61.6,5.65,70.21,128.45,6.141
2.2,1,36.9,75.3,2.47,26.91,43.71,2.244
2.7,0,92.8,192.6,4.36,37.23,24.08,5.418
2.0,1,59.1,86.2,3.86,10.0,10.15,0.697
1.5,0,98.8,198.6,4.36,79.99,48.57,7.48
2.0,1,17.9,34.2,2.91,67.86,227.46,6.51
2.7,0,72.0,108.0,3.75,4.99,4.16,0.543
2.0,0,46.8,86.7,2.3,83.13,106.48,6.464
1.5,1,63.0,143.6,1.57,42.31,40.29,2.104
2.2,1,91.2,225.0,3.34,33.65,22.13,3.381
1.2,0,61.1,73.9,0.64,96.34,94.62,5.712
2.4,1,87.3,103.1,5.53,45.35,31.17,4.45
2.0,0,90.0,182.3,2.04,95.58,63.69,10.32
1.5,1,79.2,133.7,1.86,36.89,27.93,1.686
2.4,1,50.9,62.5,1.02,32.52,38.33,2.376
1.5,1,64.8,80.1,3.2,48.4,44.82,2.36
1.5,1,56.8,111.5,3.99,6.44,6.8,0.328
2.7,0,113.0,203.6,3.47,69.03,36.65,11.442
2.0,1,114.1,264.1,4.0,80.49,42.31,9.582
1.2,0,82.5,143.8,3.5,94.26,68.52,7.062
1.0,0,83.4,115.9,2.01,23.03,16.57,1.184
1.2,0,79.9,125.6,4.11,39.77,29.86,2.748
1.2,0,42.4,76.0,4.31,36.14,51.17,2.245
2.2,1,92.2,205.1,2.05,19.39,12.62,1.771
1.2,0,119.0,199.6,2.55,78.09,39.37,6.237
1.5,1,40.1,82.2,4.57,25.35,37.97,1.419
1.0,0,68.1,153.6,2.26,89.76,79.14,4.425
2.4,1,104.0,166.0,5.76,68.32,39.44,8.272
2.7,0,81.3,140.5,2.11,34.21,25.23,4.477
1.5,0,114.4,250.9,1.12,93.23,48.92,8.662
2.7,0,61.4,143.8,2.43,13.47,13.17,1.514
2.7,0,102.9,238.0,5.11,43.76,25.52,8.285
2.4,1,101.3,211.6,0.95,10.31,6.11,1.12
1.0,0,107.4,153.8,5.49,60.01,33.51,4.42
1.2,0,96.6,181.8,2.83,90.82,56.41,5.886
1.2,0,41.6,69.4,3.64,74.62,107.52,5.24
2.4,1,93.1,191.3,1.81,41.22,26.55,3.461
2.4,1,106.2,150.1,5.8,3.19,1.8,0.424
1.5,1,19.6,46.8,5.56,26.79,82.2,2.517
2.4,1,69.9,138.5,4.33,46.55,39.94,3.819
2.0,0,55.3,118.0,5.53,95.95,104.03,9.621
2.0,0,62.8,123.7,2.03,20.44,19.51,1.653
2.7,0,39.1,57.5,2.48,27.48,42.18,3.443
1.0,0,44.4,74.4,3.82,28.55,38.61,1.323
1.2,0,101.4,246.3,4.49,62.11,36.77,6.049
2.2,1,107.0,200.4,1.41,42.3,23.71,3.767
1.2,0,118.7,155.5,3.77,39.33,19.89,3.319
1.0,0,103.0,180.9,2.78,28.79,16.77,1.624
2.0,0,87.6,161.9,4.62,91.49,62.64,9.512
1.5,1,114.2,261.5,1.86,46.15,24.25,2.759
1.2,0,43.8,61.0,5.33,76.19,104.25,5.196
2.2,1,17.3,31.1,3.12,83.47,289.02,8.428
1.0,0,73.0,137.5,5.32,41.54,34.17,2.166
2.0,1,94.3,185.6,4.37,22.87,14.55,1.888
1.2,0,51.8,99.8,2.66,44.87,51.96,2.54
1.5,0,72.5,125.5,5.51,31.2,25.83,2.418
1.0,0,114.7,149.8,5.6,50.23,26.27,3.63
2.2,1,19.8,39.0,2.41,22.49,68.11,2.2
1.2,0,71.4,124.6,3.72,41.23,34.64,2.857
1.5,0,34.1,54.0,5.43,48.45,85.25,4.442
1.2,0,78.2,110.5,5.02,35.82,27.48,2.232
2.0,0,24.3,30.9,3.03,22.22,54.83,2.21
2.7,0,87.5,101.1,4.9,63.53,43.57,8.034
1.0,0,44.1,98.2,4.62,20.08,27.34,1.04
2.2,1,65.9,129.5,2.53,47.33,43.11,3.415
2.2,1,29.0,59.8,5.14,75.46,156.25,7.298
1.2,0,62.0,114.4,1.83,28.39,27.48,1.319
2.7,0,74.2,169.0,0.99,54.46,44.03,5.671
1.5,0,64.8,103.4,4.07,49.0,45.39,3.417
2.0,0,76.6,164.2,2.87,14.5,11.36,1.244
2.0,0,109.5,213.5,1.84,50.83,27.86,4.91
2.4,1,39.9,49.6,1.34,26.1,39.25,1.865
2.2,1,109.2,132.3,3.38,42.22,23.21,4.687
2.0,0,56.8,139.5,5.26,82.07,86.74,8.591
2.2,1,90.9,204.5,4.45,54.43,35.93,5.14
1.5,1,34.6,53.8,2.84,51.75,89.63,2.699
1.0,0,79.1,119.0,3.7,17.13,12.99,0.853
1.2,0,20.4,32.1,1.24,8.21,24.1,0.576
2.2,1,100.0,145.7,4.25,76.5,45.88,7.894
2.2,1,78.6,174.0,1.09,85.37,65.14,6.158
1.2,0,28.1,59.6,5.66,19.76,42.27,1.468
2.2,1,90.8,106.0,4.8,83.14,54.96,7.53
1.2,0,32.2,72.2,4.16,53.26,99.1,4.365
2.7,0,56.2,126.1,2.92,38.94,41.57,4.677
2.0,0,71.7,122.9,3.68,36.83,30.83,3.202
1.2,0,72.1,170.7,3.93,13.46,11.2,0.92
2.0,1,91.7,189.9,1.42,88.11,57.64,7.184
2.0,1,75.2,187.7,4.64,71.28,56.89,6.409
1.0,0,18.5,35.1,4.69,87.92,284.83,5.96
2.0,0,71.3,116.3,3.01,61.19,51.47,5.441
2.2,1,30.7,43.7,4.47,72.56,141.63,6.435
1.2,0,74.4,156.4,3.79,83.03,66.98,6.648
2.2,1,76.3,126.7,3.04,94.83,74.62,6.619
2.2,1,68.1,133.2,0.6,87.47,77.04,5.939
1.5,0,111.5,245.9,0.63,65.83,35.44,5.89
2.7,0,22.2,26.9,1.07,84.36,227.63,10.499
1.0,0,26.9,66.7,5.11,14.22,31.72,1.097
2.0,0,69.5,133.9,2.69,7.37,6.36,0.58
1.5,0,97.7,190.1,1.13,42.62,26.17,3.004
2.0,0,51.4,81.5,4.56,46.32,54.1,3.89
1.2,0,41.1,78.4,1.41,5.32,7.77,0.284
2.0,0,38.1,53.3,3.33,97.6,153.66,9.895
1.5,0,58.5,71.4,5.98,51.22,52.5,4.026
2.0,1,59.8,132.8,2.42,47.89,48.04,3.832
2.2,1,76.7,115.9,4.43,53.71,42.02,4.056
1.0,0,57.1,107.5,1.35,19.83,20.84,0.886
2.0,1,94.1,139.4,5.44,53.6,34.18,5.692
2.0,1,31.4,66.0,4.12,4.66,8.9,0.431
2.2,1,35.6,64.3,3.77,35.25,59.42,3.082
1.2,0,83.5,119.7,1.05,25.83,18.55,1.724
2.2,1,99.7,244.1,5.69,15.83,9.52,1.658
2.0,1,109.1,122.0,0.97,22.37,12.3,1.764
1.2,0,76.2,128.8,5.41,82.11,64.64,5.963
2.7,0,101.6,163.5,0.69,83.4,49.24,10.911
2.4,1,60.8,91.9,5.72,76.83,75.83,6.417
2.7,0,74.4,184.5,3.09,19.85,16.0,2.612
1.0,0,43.2,80.3,3.98,27.27,37.87,1.265
1.5,0,28.9,68.2,4.3,68.95,143.21,6.367
1.5,1,100.6,180.8,0.87,41.71,24.88,2.447
2.0,1,26.2,33.9,1.95,28.12,64.41,2.183
1.2,0,78.1,158.5,1.46,91.61,70.42,4.721
2.7,0,59.3,94.6,5.77,20.07,20.3,2.487
1.2,0,40.8,67.1,2.09,36.86,54.25,2.351
2.0,1,79.1,192.1,2.68,95.5,72.45,6.911
2.2,1,37.6,43.0,1.94,60.32,96.33,3.946
1.2,0,80.4,141.9,2.39,36.45,27.19,2.157
2.2,1,60.7,87.6,5.01,80.34,79.47,7.043
2.0,0,77.0,123.6,1.0,91.9,71.63,6.313
2.7,0,87.5,160.1,0.98,95.9,65.75,11.599
1.5,1,94.7,200.2,4.0,98.1,62.15,6.997
2.7,0,20.4,41.6,0.74,59.65,175.29,8.299
2.7,0,74.6,177.8,0.69,70.35,56.55,7.425
2.2,1,117.0,283.3,3.11,86.48,44.36,10.295
1.2,0,69.9,139.9,4.08,37.74,32.42,2.401
1.2,0,107.9,198.8,2.93,41.64,23.15,2.987
2.2,1,71.6,158.1,2.25,63.34,53.04,5.16
2.7,0,107.0,180.3,3.04,99.05,55.52,14.443
1.2,0,113.6,252.0,5.99,36.37,19.21,3.658
1.5,1,65.4,125.1,1.99,41.03,37.66,1.638
2.0,1,69.9,148.5,0.52,47.8,41.05,3.254
1.2,0,46.1,65.8,0.73,3.75,4.88,0.196
2.4,1,26.5,43.7,1.18,95.73,216.79,7.777
1.5,1,24.4,41.1,5.34,94.58,232.7,6.343
1.2,0,32.5,80.9,1.77,94.39,174.05,5.856
1.5,1,102.2,129.7,0.76,39.64,23.27,2.111
2.7,0,96.9,154.0,0.82,96.97,60.07,12.008
1.2,0,77.7,142.6,1.93,52.49,40.53,2.911
1.0,0,31.2,69.9,1.73,23.93,46.09,1.271
2.4,1,109.0,251.1,3.02,40.33,22.21,4.574
2.4,1,19.7,45.1,0.69,34.25,104.52,3.82
1.2,0,57.9,93.9,1.93,72.9,75.56,3.468
2.0,0,116.0,145.4,5.42,99.16,51.28,12.213
1.2,0,101.6,161.2,4.23,57.44,33.93,4.929
2.0,0,69.7,161.5,1.85,17.42,14.99,1.323
2.4,1,112.7,140.6,4.34,20.54,10.94,2.388
2.7,0,63.9,148.9,0.53,82.35,77.36,8.567
2.0,1,31.9,71.6,5.08,51.73,97.36,5.137
1.0,0,73.8,93.1,2.57,2.89,2.35,0.141
2.0,0,44.8,50.4,2.88,84.33,113.07,6.723
1.5,1,25.8,62.1,4.28,8.65,20.14,0.548
1.0,0,96.0,200.7,3.1,7.68,4.8,0.444
1.2,0,106.5,262.3,5.83,75.47,42.51,6.671
2.0,1,21.9,49.3,2.55,82.24,225.41,7.018
2.0,1,61.8,91.7,5.98,43.77,42.48,3.775
2.0,1,70.3,158.7,2.14,84.31,71.92,6.941
1.5,0,83.7,124.1,5.73,16.8,12.04,1.471
1.5,1,110.5,254.2,5.8,76.49,41.53,6.59
1.0,0,48.7,102.9,4.6,21.64,26.67,1.278
2.2,1,53.7,124.0,3.1,96.88,108.26,7.49
1.0,0,24.6,32.3,3.0,53.97,131.79,2.571
1.5,1,110.7,271.8,1.52,47.29,25.62,2.748
2.0,1,28.1,58.0,2.87,21.65,46.16,1.94
2.0,0,76.1,112.4,4.89,32.42,25.56,2.856
2.2,1,63.8,130.9,2.68,97.52,91.74,7.702
2.4,1,105.3,230.8,0.72,49.09,27.97,4.476
1.0,0,25.8,49.0,0.6,49.27,114.61,2.224
1.0,0,73.8,82.1,2.3,52.74,42.9,2.218
1.0,0,101.6,162.6,2.27,97.79,57.77,5.689
2.7,0,99.1,136.7,1.42,12.25,7.42,1.447
1.2,0,109.1,210.9,3.89,62.07,34.13,5.361
2.2,1,114.5,226.1,4.81,62.0,32.5,6.258
1.5,0,73.1,141.5,4.81,49.13,40.34,3.059
2.7,0,61.1,129.1,3.76,65.73,64.59,8.64
1.2,0,38.0,93.8,2.35,19.85,31.32,1.623
2.0,1,19.6,26.0,0.61,66.02,202.26,5.763
2.2,1,117.4,235.9,1.6,68.66,35.11,5.827
1.0,0,103.2,138.8,5.78,42.76,24.85,3.472
1.5,1,51.3,83.1,5.93,5.93,6.93,0.374
2.4,1,61.1,129.2,3.18,87.6,86.08,8.326
2.0,0,83.8,208.5,2.06,37.2,26.64,3.745
1.2,0,81.3,172.9,1.22,72.15,53.24,4.702
2.0,1,81.4,132.1,3.32,42.48,31.3,3.456
2.4,1,41.0,95.0,2.95,52.45,76.84,4.112
1.2,0,25.0,50.3,2.22,41.11,98.65,2.919
1.5,1,49.1,107.3,1.22,97.04,118.48,4.598
2.7,0,22.7,30.4,3.36,35.03,92.51,5.152
1.0,0,62.2,119.6,5.72,26.75,25.81,1.462
2.4,1,78.6,125.7,3.43,78.62,60.03,6.548
2.2,1,76.5,177.1,1.63,12.97,10.18,0.851
1.2,0,27.9,39.7,0.78,64.72,139.12,3.349
1.5,1,113.1,174.4,3.29,6.07,3.22,0.398
1.5,1,65.4,134.7,0.6,33.67,30.89,1.763
2.0,1,62.7,114.3,3.19,67.35,64.4,4.839
1.5,0,89.0,123.0,4.2,97.05,65.43,7.032
2.2,1,31.4,44.8,5.8,27.02,51.64,2.707
2.0,1,114.2,234.8,3.23,62.55,32.87,7.722
2.2,1,95.7,120.4,4.88,92.03,57.7,8.097
1.5,1,85.0,162.2,2.42,17.61,12.43,0.989
2.4,1,106.0,264.0,4.64,10.87,6.15,1.236
1.5,0,83.3,180.9,5.59,44.94,32.37,4.738
2.4,1,48.3,111.9,2.57,31.09,38.62,2.583
1.5,1,49.1,79.2,2.68,70.16,85.76,3.28
2.4,1,77.6,144.7,2.94,3.44,2.66,0.256
2.2,1,85.2,167.5,3.05,39.22,27.63,3.628
1.2,0,65.3,74.2,2.38,39.26,36.06,2.015
1.5,1,40.8,72.2,2.67,55.84,82.05,2.803
1.5,1,35.6,39.5,4.06,90.01,151.88,5.123
1.2,0,21.3,51.4,2.43,11.94,33.59,0.92
1.5,1,44.9,68.7,4.92,54.84,73.26,2.753
1.5,0,90.4,150.0,5.87,82.67,54.9,7.367
2.0,1,86.5,117.1,3.39,71.49,49.58,5.864
2.7,0,34.4,82.2,2.83,10.53,18.34,1.558
2.2,1,70.3,88.4,0.51,64.52,55.08,4.045
2.4,1,98.3,197.2,1.46,37.36,22.79,3.406
2.2,1,52.1,74.6,4.79,28.93,33.31,2.31
2.0,1,85.1,105.0,3.93,46.27,32.63,4.191
1.0,0,92.4,213.2,1.69,11.38,7.39,0.543
1.2,0,78.7,146.9,1.78,40.31,30.71,2.282
2.4,1,118.7,153.3,4.32,41.62,21.04,4.431
2.0,1,91.1,102.2,2.38,82.23,54.18,6.85
2.0,0,75.7,112.4,0.94,10.39,8.24,0.831
1.2,0,57.1,92.2,2.39,62.48,65.63,3.774
1.2,0,85.3,102.2,4.02,28.57,20.1,1.912
1.2,0,71.0,110.3,2.33,67.61,57.17,4.54
1.2,0,53.1,132.4,2.95,34.69,39.19,2.031
2.7,0,115.6,155.5,4.3,21.69,11.26,3.539
2.4,1,101.3,111.6,2.15,98.16,58.15,9.669
2.0,1,56.9,74.8,5.96,92.85,97.86,8.151
2.4,1,85.5,105.2,1.91,79.21,55.58,6.516
1.5,1,101.7,223.3,4.4,5.54,3.27,0.413
1.2,0,50.9,83.1,2.4,25.43,29.99,1.335
1.2,0,56.7,97.8,3.8,52.54,55.61,3.796
2.0,0,74.5,122.7,3.26,40.92,32.96,3.667
1.2,0,85.8,158.3,4.47,15.85,11.08,1.145
2.4,1,48.9,55.3,1.35,23.91,29.36,1.74
1.2,0,82.3,185.3,1.23,86.48,63.04,5.65
1.0,0,78.7,170.7,1.46,51.25,39.1,2.301
2.4,1,85.0,107.9,3.13,51.6,36.44,4.493
1.5,0,61.1,76.3,4.02,23.17,22.74,1.627
2.0,1,31.0,36.7,4.79,47.06,91.19,3.82
1.2,0,21.1,43.7,5.91,25.44,72.45,1.921
2.4,1,97.2,143.0,1.48,69.78,43.08,5.476
1.5,0,119.7,268.0,3.88,32.01,16.05,3.341
2.0,0,59.7,76.6,5.38,46.08,46.28,4.326
2.0,1,70.2,124.5,1.47,39.93,34.14,2.815
2.0,1,58.7,104.1,0.61,27.46,28.07,1.864
2.7,0,34.9,68.7,2.28,83.76,143.93,10.87
1.5,1,99.2,242.3,3.18,12.75,7.72,0.85
1.5,1,103.7,128.3,3.19,16.7,9.67,1.135
1.2,0,65.0,105.7,2.67,47.03,43.42,2.604
1.0,0,115.3,253.9,2.23,69.44,36.13,4.667
1.0,0,103.3,119.2,5.46,47.22,27.43,3.685
1.2,0,55.6,96.1,1.75,89.16,96.27,4.204
1.2,0,26.1,64.8,2.94,6.69,15.37,0.469
2.0,1,90.2,108.3,0.89,3.19,2.12,0.258
1.5,1,55.7,97.3,5.95,97.13,104.64,6.206
1.2,0,34.4,46.3,1.04,66.71,116.2,4.487
2.7,0,17.2,20.9,5.82,30.95,107.98,6.165
2.4,1,117.5,239.0,0.56,27.03,13.81,2.548
2.4,1,82.6,152.2,0.73,96.91,70.39,7.874
2.2,1,27.0,48.0,5.56,53.04,118.01,5.266
1.2,0,28.5,44.8,5.6,24.01,50.64,1.73
2.7,0,79.4,192.1,1.82,13.91,10.51,1.437
1.0,0,82.8,124.2,4.99,86.41,62.61,5.313
2.4,1,72.1,143.6,1.72,97.88,81.43,6.849
2.0,1,34.0,39.9,2.26,75.81,133.93,5.902
1.2,0,26.3,54.2,1.01,96.58,220.06,5.804
2.0,1,103.3,219.6,3.48,59.85,34.77,6.893
2.0,0,74.3,153.4,5.3,64.36,51.95,7.449
2.2,1,63.5,70.6,1.86,73.19,69.2,5.025
2.2,1,35.4,82.5,4.12,32.47,55.09,3.23
2.0,1,79.6,164.2,2.56,54.79,41.31,4.298
2.7,0,94.9,109.1,4.6,21.84,13.81,3.291
2.4,1,86.2,186.2,5.13,48.09,33.46,5.477
2.7,0,53.7,92.7,4.47,88.85,99.32,10.86
1.5,1,84.6,93.3,1.48,4.85,3.44,0.226
2.4,1,55.7,92.7,5.31,51.99,56.0,4.888
1.5,1,75.9,143.2,3.58,61.14,48.33,3.303
1.2,0,78.2,88.6,2.27,64.38,49.38,3.135
2.2,1,50.1,110.2,4.39,79.28,94.96,6.564
1.5,0,27.8,59.3,1.8,38.4,82.73,2.533
2.4,1,113.0,225.9,2.82,64.35,34.17,6.734
2.0,0,119.1,255.5,4.57,95.13,47.94,11.811
1.5,0,53.0,83.2,0.64,4.37,4.94,0.266
2.0,0,69.4,105.4,5.67,27.41,23.7,2.703
1.2,0,54.6,95.3,3.14,44.65,49.08,3.237
1.5,0,29.0,35.2,4.5,50.65,104.74,3.944
2.4,1,15.7,18.6,1.74,14.87,56.7,1.36
1.5,0,84.0,204.8,0.88,7.59,5.42,0.525
2.0,1,40.9,97.0,1.87,28.65,42.0,2.139
2.7,0,103.7,153.0,1.36,85.6,49.53,10.508
1.2,0,110.2,142.7,3.43,42.29,23.03,3.163
1.2,0,91.9,171.7,1.2,88.45,57.74,4.74
2.7,0,59.0,86.3,4.52,98.17,99.88,11.206
1.2,0,91.1,124.7,2.36,32.25,21.23,2.469
2.4,1,34.2,38.7,4.46,42.96,75.34,3.628
2.0,0,73.9,135.5,1.13,86.29,70.04,6.677
2.4,1,98.1,183.3,3.87,24.16,14.77,2.377
2.7,0,32.4,78.6,5.17,67.56,125.09,11.451
1.2,0,83.4,155.3,0.84,52.23,37.59,3.541
2.7,0,117.7,260.3,3.23,35.3,17.99,6.758
2.7,0,49.7,107.3,3.36,22.08,26.67,3.135
2.0,0,32.0,46.6,5.71,56.9,106.78,6.871
1.0,0,17.9,21.3,3.05,91.1,306.19,6.427
1.5,0,98.8,160.2,2.98,40.94,24.86,2.719
1.5,1,116.3,161.1,3.38,30.14,15.55,2.247
1.5,0,44.0,67.7,4.03,21.19,28.88,1.569
1.2,0,31.6,65.5,4.86,33.04,62.77,2.559
1.2,0,109.2,145.9,3.29,60.62,33.3,4.946
2.2,1,108.9,219.5,1.34,45.15,24.88,4.287
2.0,0,105.0,132.8,4.57,33.33,19.05,4.39
2.0,1,27.9,58.9,2.28,99.71,214.78,9.811
2.0,1,28.6,59.0,1.01,4.88,10.22,0.424
2.7,0,23.3,49.6,1.53,86.1,221.36,11.587
1.2,0,26.6,57.6,5.93,90.33,203.53,7.568
2.4,1,52.6,94.2,5.06,34.85,39.78,2.932
1.5,1,26.9,32.8,4.45,43.17,96.44,2.8
1.2,0,62.3,133.8,4.08,62.85,60.54,4.473
1.5,1,99.7,227.3,1.9,5.05,3.04,0.291
1.2,0,49.1,101.3,0.88,19.14,23.37,1.074
1.0,0,102.9,153.4,4.04,70.03,40.84,4.739
2.0,0,52.8,63.2,4.7,42.01,47.71,3.928
1.5,0,106.5,231.3,4.84,67.17,37.85,6.512
1.0,0,106.8,117.5,1.43,40.2,22.58,2.207
1.5,0,55.1,70.5,2.77,80.63,87.85,5.047
1.0,0,19.4,41.5,5.55,29.44,91.0,2.733
1.2,0,117.1,264.3,4.35,84.27,43.16,9.146
2.4,1,47.0,106.3,2.05,87.53,111.74,6.514
2.0,0,27.6,33.0,1.95,6.52,14.16,0.563
1.5,0,46.6,90.4,2.13,31.39,40.39,2.069
1.5,0,21.8,50.7,5.32,34.38,94.75,3.248
2.2,1,34.5,41.7,1.82,79.87,139.06,5.206
1.2,0,43.1,95.1,3.65,66.56,92.63,4.64
1.5,1,77.9,98.2,1.02,91.14,70.21,4.097
1.0,0,21.8,53.1,0.64,70.06,192.88,3.384
2.0,0,60.6,132.4,3.81,89.47,88.53,8.649
2.2,1,114.6,197.4,4.84,64.68,33.88,6.78
1.5,0,55.4,98.7,4.09,95.15,103.1,6.656
2.0,1,118.3,174.7,2.74,89.37,45.32,7.711
2.0,0,19.8,25.7,2.02,97.21,294.68,10.715
1.0,0,80.4,141.3,2.96,48.48,36.2,2.602
2.0,0,104.7,122.4,5.08,84.7,48.55,10.943
2.0,1,99.3,188.7,3.32,30.76,18.59,2.975
2.4,1,100.8,151.0,5.0,54.1,32.22,7.072
2.0,1,106.8,191.3,4.36,99.3,55.79,9.613
1.0,0,55.9,118.7,5.35,67.75,72.67,3.989
1.0,0,101.5,247.4,5.02,2.15,1.27,0.185
2.0,1,90.3,204.3,0.72,87.42,58.06,6.787
1.5,0,55.3,96.2,2.53,13.86,15.04,0.857
1.5,0,109.5,182.5,2.27,75.49,41.35,6.294
2.4,1,82.9,194.2,3.79,51.21,37.07,4.808
2.4,1,79.3,184.3,4.48,13.81,10.45,1.314
2.0,0,102.0,253.9,5.01,70.1,41.22,10.477
1.0,0,23.9,39.6,5.51,81.19,204.15,4.953
2.4,1,91.6,184.3,5.15,69.86,45.78,7.843
1.2,0,23.1,43.0,5.24,59.85,155.12,4.879
1.2,0,62.3,119.0,4.68,11.69,11.26,0.84
2.7,0,53.9,61.3,2.66,53.53,59.64,5.902
1.5,1,82.8,96.3,4.69,94.77,68.67,5.504
2.7,0,82.8,164.9,2.37,9.03,6.54,1.121
1.0,0,25.6,58.6,3.42,84.49,197.77,5.43
2.0,0,62.7,129.3,1.27,49.59,47.48,3.659
1.2,0,116.2,190.4,0.71,5.03,2.6,0.369
2.7,0,56.5,87.0,1.31,49.81,52.88,4.612
2.7,0,27.2,66.3,2.23,89.06,196.5,12.648
2.4,1,118.3,177.9,5.79,40.17,20.37,4.769
2.0,0,71.8,94.5,3.55,55.09,46.0,5.153
2.0,1,61.2,93.3,1.93,21.07,20.64,1.239
1.5,1,116.5,219.1,2.41,58.89,30.33,3.528
1.2,0,30.8,69.1,1.64,78.67,153.24,5.788
1.2,0,80.5,152.6,3.91,21.73,16.2,1.398
1.5,1,64.9,120.8,1.75,96.47,89.15,4.538
2.0,0,71.0,164.6,1.22,79.47,67.15,5.989
1.0,0,86.5,151.6,0.69,97.02,67.31,5.067
2.7,0,118.0,209.7,5.25,59.7,30.35,10.608
2.0,0,69.9,131.9,2.93,61.36,52.71,5.419
1.2,0,75.6,174.8,5.89,41.94,33.28,3.687
1.5,0,99.7,176.2,5.98,7.83,4.71,0.625
1.0,0,103.9,244.3,0.84,88.58,51.14,5.424
2.0,1,17.0,30.1,4.28,72.83,256.92,8.197
2.7,0,81.4,163.0,5.01,34.67,25.55,6.197
2.4,1,98.3,244.5,1.6,99.48,60.71,7.701
2.0,1,19.6,31.0,3.98,8.76,26.78,0.856
2.2,1,95.7,193.6,4.71,84.9,53.21,8.238
2.2,1,56.9,120.2,2.04,69.37,73.14,4.747
1.2,0,72.7,144.2,3.67,70.38,58.12,4.229
1.2,0,69.9,106.2,0.92,51.06,43.85,3.004
2.0,0,20.3,24.4,2.72,30.94,91.56,2.744
2.0,1,57.1,86.2,1.34,28.08,29.49,1.639
2.0,1,65.0,92.1,4.02,97.94,90.37,7.739
1.5,1,58.7,127.0,1.53,72.54,74.16,3.724
2.7,0,76.5,151.1,0.89,68.9,54.03,6.534
1.5,0,46.8,70.5,3.6,13.76,17.62,1.022
2.2,1,43.5,78.1,2.06,15.12,20.85,1.066
2.4,1,93.6,144.6,0.5,52.09,33.39,3.632
2.0,0,89.2,106.0,5.12,2.37,1.6,0.259
2.4,1,23.7,56.9,5.05,14.73,37.32,1.699
1.2,0,47.9,105.6,5.41,44.51,55.76,3.406
2.2,1,116.2,142.4,4.28,50.39,26.01,4.988
2.4,1,88.9,98.3,1.42,71.88,48.51,5.694
1.0,0,44.2,56.7,4.22,94.51,128.19,4.507
1.5,0,97.1,194.4,0.77,37.28,23.04,2.941
2.4,1,65.0,81.6,3.99,77.54,71.6,5.586
2.0,1,95.6,160.9,5.02,85.33,53.56,8.055
2.4,1,106.3,225.7,4.06,80.03,45.16,9.991
1.2,0,56.4,135.6,1.19,74.24,78.91,4.258
1.5,1,86.6,152.1,3.69,10.36,7.18,0.565
2.4,1,101.4,222.7,3.49,11.79,6.97,1.453
1.5,1,110.7,251.6,4.4,94.99,51.5,6.67
1.2,0,57.5,105.9,3.77,2.97,3.1,0.197
1.5,0,19.4,32.1,4.69,46.58,144.26,4.264
1.0,0,69.7,172.0,1.19,3.66,3.15,0.177
2.4,1,27.6,40.7,0.6,30.74,66.78,2.486
2.7,0,38.4,76.8,3.64,57.67,90.01,8.218
2.0,1,107.3,219.6,3.51,83.32,46.58,9.782
2.2,1,63.1,104.6,2.17,8.44,8.02,0.549
1.2,0,78.3,138.1,0.83,67.82,51.94,3.283
2.2,1,114.0,250.7,5.95,55.36,29.14,7.578
2.0,0,53.4,75.6,1.58,15.8,17.75,1.199
2.7,0,48.1,71.5,5.9,53.67,66.96,7.835
1.0,0,51.2,122.2,2.1,48.06,56.27,2.612
2.4,1,87.4,180.7,5.62,50.74,34.81,5.465
2.2,1,29.1,71.0,3.41,25.71,53.0,2.439
1.5,1,116.0,228.5,5.61,76.56,39.59,6.124
1.2,0,32.4,55.9,1.65,6.9,12.77,0.471
1.2,0,104.6,150.6,5.78,21.3,12.21,2.015
2.2,1,89.7,222.0,3.63,27.44,18.34,2.57
1.2,0,33.5,46.9,0.57,3.39,6.07,0.231
1.2,0,88.3,146.0,5.74,96.77,65.74,7.001
2.7,0,65.1,137.0,1.86,64.78,59.73,7.363
1.5,0,74.3,162.1,3.24,3.19,2.57,0.217
1.5,1,54.6,102.2,4.93,6.51,7.16,0.361
2.2,1,104.0,220.6,1.02,44.01,25.38,3.7
1.2,0,108.9,119.9,5.46,17.07,9.4,1.898
1.2,0,119.3,138.7,4.69,38.43,19.33,2.901
1.5,1,18.4,21.8,2.94,29.0,94.45,1.989
1.5,0,55.6,105.8,2.79,85.03,91.82,5.775
2.7,0,111.4,138.4,3.28,23.64,12.73,3.477
2.7,0,115.4,150.9,4.24,24.04,12.5,3.841
2.2,1,75.9,138.4,4.67,29.68,23.46,2.161
2.0,1,114.4,268.7,2.81,78.48,41.17,8.231
1.2,0,36.5,70.3,1.52,34.49,56.71,2.023
2.4,1,53.3,80.6,5.34,47.08,53.04,3.894
2.2,1,20.0,42.4,4.76,36.56,109.65,3.693
1.2,0,107.0,198.4,2.05,43.67,24.5,2.803
1.5,1,95.4,104.9,2.79,53.21,33.47,2.666
2.7,0,36.1,49.9,0.56,44.87,74.67,5.555
2.0,0,91.6,224.7,1.73,66.98,43.88,6.58
1.5,1,94.7,185.0,5.43,82.17,52.06,5.272
1.2,0,34.1,55.2,5.46,81.06,142.75,7.669
2.2,1,95.1,176.8,1.32,39.31,24.81,2.777
2.7,0,89.5,119.4,4.79,59.21,39.7,8.91
2.7,0,65.6,105.4,5.72,63.95,58.5,7.994
1.5,1,25.8,46.9,3.3,38.19,88.94,2.49
2.2,1,31.7,42.9,1.04,80.74,152.84,5.365
2.7,0,91.5,211.1,2.01,81.09,53.15,10.596
2.0,0,50.2,124.1,5.21,70.71,84.45,8.132
2.0,1,72.7,111.7,3.15,51.65,42.64,3.909
1.5,0,55.4,62.8,5.11,3.12,3.38,0.25
1.2,0,61.0,87.1,4.38,82.08,80.79,4.734
1.0,0,71.8,122.1,2.2,49.26,41.18,2.086
1.2,0,115.0,163.0,5.34,81.26,42.39,8.519
2.0,1,48.2,108.2,3.26,8.95,11.13,0.733
2.0,1,75.0,170.0,5.48,3.19,2.55,0.316
1.0,0,72.6,109.1,2.19,36.59,30.23,1.718
1.0,0,60.2,140.2,3.83,26.22,26.13,1.4
1.2,0,60.4,124.5,2.33,7.55,7.49,0.424
1.5,0,118.1,259.7,4.53,13.39,6.8,1.44
2.0,0,78.1,194.2,2.29,94.24,72.39,9.148
2.2,1,22.1,40.3,1.49,97.13,263.84,6.441
2.4,1,92.5,192.9,2.83,35.96,23.33,3.268
1.2,0,36.6,64.9,1.98,30.17,49.52,1.988
2.0,0,30.1,58.2,1.45,92.7,184.7,7.215
2.4,1,24.7,47.8,3.93,65.55,159.45,5.75
1.2,0,88.9,144.2,3.6,46.17,31.16,3.138
2.0,0,47.9,70.8,3.79,86.88,108.93,8.412
2.7,0,62.2,121.6,1.67,94.03,90.77,8.475
2.2,1,76.7,159.7,4.24,42.0,32.86,3.129
1.5,0,113.3,210.6,5.67,23.61,12.5,2.57
2.7,0,92.6,129.7,4.16,50.81,32.91,7.352
1.2,0,24.7,53.1,5.53,44.53,108.07,3.447
2.4,1,61.0,152.3,1.76,55.59,54.66,4.216
1.2,0,90.0,110.5,1.6,87.99,58.68,5.049
1.0,0,37.5,55.5,1.86,8.13,13.0,0.386
1.2,0,37.6,72.8,3.77,38.48,61.38,2.851
1.2,0,99.5,224.2,5.63,55.34,33.36,4.23
2.7,0,68.9,100.3,5.93,30.57,26.61,4.35
1.0,0,111.7,214.2,3.46,28.35,15.23,1.863
2.0,0,105.3,121.0,4.83,42.31,24.11,5.457
2.0,0,59.9,103.0,4.07,93.76,93.91,7.607
1.2,0,67.5,148.5,3.79,21.71,19.29,1.389
2.0,1,20.9,37.4,5.6,12.33,35.4,1.3
2.0,0,83.8,122.7,1.38,17.73,12.69,1.38
2.7,0,114.0,244.5,4.46,83.0,43.7,14.631
1.5,0,45.4,69.6,1.87,52.47,69.4,3.02
1.5,1,93.0,112.2,5.3,83.16,53.67,5.294
2.0,1,115.0,179.2,2.45,51.55,26.89,5.375
1.0,0,48.5,114.6,0.93,83.23,103.06,3.699
2.4,1,105.2,215.4,5.11,86.16,49.15,12.087
2.4,1,16.4,24.8,3.03,42.29,154.79,4.946
1.5,0,39.1,49.5,1.41,2.2,3.37,0.151
2.0,0,97.9,148.4,3.48,35.83,21.96,3.6
2.7,0,107.6,136.6,3.99,59.05,32.94,8.836
2.7,0,78.8,113.8,0.82,40.32,30.7,3.818
2.2,1,79.7,149.8,2.79,44.04,33.15,3.052
2.7,0,58.2,125.5,1.62,34.1,35.13,3.786
1.0,0,81.3,150.0,1.13,61.35,45.28,2.715
2.0,1,30.0,62.1,1.63,40.4,80.81,3.558
2.0,1,96.2,233.9,4.77,61.91,38.63,6.497
1.2,0,73.9,146.3,4.29,26.82,21.78,1.613
2.4,1,71.2,161.8,5.02,84.65,71.29,8.355
1.2,0,45.0,82.9,3.31,82.42,109.94,5.39
1.2,0,16.4,27.5,4.06,3.52,12.87,0.314
1.2,0,22.0,51.3,2.64,55.09,150.03,3.992
1.5,0,83.1,100.0,2.57,80.77,58.34,5.761
2.7,0,48.7,68.6,2.43,38.51,47.42,3.871
1.5,0,63.7,134.6,4.11,71.46,67.26,4.86
1.2,0,84.5,150.2,0.53,80.84,57.42,4.669
2.4,1,76.0,128.9,3.51,53.07,41.89,4.118
2.7,0,94.6,106.0,1.64,71.9,45.58,8.081
2.4,1,51.4,84.7,1.37,27.31,31.86,1.859
1.5,1,83.7,196.2,3.68,63.97,45.87,3.932
2.7,0,58.6,122.9,2.62,59.67,61.13,6.766
1.2,0,59.6,141.3,3.29,20.42,20.55,1.175
1.2,0,29.0,50.0,2.98,95.93,198.25,5.699
2.0,0,71.0,141.4,4.62,24.05,20.33,2.15
1.5,1,87.9,123.7,3.77,27.93,19.06,1.73
1.5,0,63.5,157.2,4.83,77.82,73.58,6.161
1.0,0,60.4,69.1,1.93,5.3,5.27,0.238
1.2,0,101.6,201.3,5.22,78.81,46.56,7.866
2.2,1,49.2,116.1,5.98,82.89,101.18,8.224
1.0,0,75.6,90.2,1.02,99.89,79.33,4.018
2.7,0,15.6,27.3,3.64,31.79,122.28,5.147
1.2,0,17.4,27.8,4.81,57.49,198.74,5.164
1.5,1,39.4,44.1,4.7,63.13,96.23,3.986
2.0,1,102.9,202.4,3.6,63.21,36.86,7.088
2.7,0,56.0,67.1,4.01,73.83,79.09,9.172
2.4,1,39.0,75.5,5.61,93.06,143.05,9.327
1.5,1,81.5,143.1,2.94,50.43,37.14,2.974
2.7,0,90.1,173.9,0.79,46.57,31.02,5.542
2.0,1,105.7,132.5,5.59,63.9,36.28,6.844
2.4,1,83.1,123.4,1.36,64.32,46.44,5.029
2.2,1,89.0,154.7,4.17,84.06,56.65,6.771
1.5,0,87.0,98.7,1.44,46.45,32.05,3.025
1.5,0,115.9,214.4,3.19,41.38,21.43,3.566
1.5,1,102.5,205.1,0.93,74.58,43.63,4.023
2.0,0,88.8,105.9,1.77,91.74,62.0,7.996
2.0,1,107.7,217.9,1.66,86.57,48.23,8.935
1.5,1,99.0,231.5,1.19,21.65,13.12,1.123
1.0,0,80.4,197.9,3.06,85.04,63.48,4.908
1.5,0,51.5,88.0,2.68,67.59,78.77,4.582
1.2,0,72.9,160.9,2.79,18.48,15.2,1.236
1.2,0,43.2,53.6,1.42,16.43,22.82,0.857
2.4,1,116.6,200.1,2.03,80.23,41.28,7.667
2.2,1,38.1,43.0,5.05,37.83,59.62,3.563
1.5,0,37.1,82.8,1.31,35.58,57.54,2.759
2.2,1,23.7,42.1,2.16,57.21,144.92,4.798
1.5,1,65.2,143.1,2.17,32.55,29.93,1.542
2.0,1,23.6,41.2,2.19,82.59,209.64,6.143
2.2,1,53.2,72.7,2.41,55.63,62.74,4.201
1.0,0,105.5,162.5,3.46,84.33,47.95,6.25
2.4,1,113.7,127.6,3.38,48.15,25.4,5.362
2.0,0,103.0,165.4,5.23,41.87,24.39,5.458
1.5,0,58.7,106.8,5.47,89.21,91.19,7.319
2.0,0,74.6,142.6,3.19,65.19,52.42,5.481
2.0,1,112.9,241.4,2.04,14.9,7.92,1.682
1.5,1,44.3,62.2,1.51,82.92,112.41,3.451
2.0,0,116.8,222.0,1.29,38.71,19.88,4.101
1.2,0,108.9,171.2,4.51,58.18,32.06,5.066
1.5,0,85.6,120.6,1.7,87.66,61.41,5.472
2.0,0,93.9,185.3,3.8,7.24,4.63,0.722
1.0,0,31.0,53.9,2.43,11.19,21.68,0.588
1.2,0,114.6,277.6,3.85,92.6,48.49,8.307
2.0,1,15.7,34.2,4.36,62.29,238.44,7.814
1.0,0,88.9,214.3,2.57,71.4,48.17,4.119
1.5,1,95.1,110.7,4.06,24.22,15.28,1.503
1.5,0,68.5,123.5,0.78,5.42,4.75,0.313
1.5,0,112.5,280.6,4.88,75.87,40.47,7.286
1.0,0,96.2,229.1,1.54,92.39,57.62,5.06
2.2,1,36.0,42.4,3.63,65.85,109.8,5.351
2.7,0,86.1,163.0,5.61,39.96,27.84,5.665
1.5,1,93.7,159.6,0.98,29.71,19.03,1.462
2.2,1,18.2,44.4,4.17,93.45,308.75,10.288
1.0,0,83.6,114.5,2.13,62.72,45.01,3.372
1.5,0,92.6,137.8,2.05,96.41,62.47,6.286
1.0,0,89.2,175.8,5.95,32.56,21.92,2.039
2.2,1,47.9,109.6,0.99,99.19,124.29,6.875
2.2,1,113.6,197.0,1.59,18.16,9.59,1.452
2.2,1,77.5,101.6,5.82,45.78,35.44,3.864
2.7,0,15.5,18.4,5.48,65.46,252.93,11.81
1.2,0,110.0,246.8,4.66,7.45,4.06,0.665
2.4,1,84.7,141.9,2.71,88.69,62.85,8.071
2.0,1,46.0,69.8,1.09,45.13,58.88,3.045
1.2,0,50.9,86.7,5.07,13.75,16.2,1.08
1.0,0,27.3,56.1,5.72,15.43,33.95,1.15
2.4,1,32.3,40.8,3.51,90.44,168.19,8.06
2.0,1,84.2,202.3,5.02,57.53,41.01,6.537
1.2,0,58.1,109.6,5.68,10.11,10.43,0.721
1.5,1,25.4,30.6,2.49,11.03,26.09,0.617
1.5,1,22.1,42.6,4.56,5.18,14.09,0.321
2.0,1,33.1,62.8,2.13,93.95,170.23,8.157
2.7,0,98.3,112.5,4.8,25.53,15.58,3.272
1.5,0,17.9,32.7,1.7,98.96,332.44,8.035
2.4,1,75.7,121.3,5.03,82.43,65.37,7.385
2.2,1,31.6,37.1,3.57,17.29,32.81,1.591
2.0,0,74.4,100.9,1.27,58.49,47.17,4.56
1.0,0,44.0,60.9,0.59,68.56,93.59,2.615
2.0,1,70.8,81.1,3.12,41.96,35.55,3.028
1.2,0,117.0,220.7,4.43,8.71,4.47,0.661
2.0,1,68.8,150.2,0.74,69.95,61.01,5.111
1.5,0,72.8,121.2,5.09,81.84,67.43,6.454
1.0,0,109.4,267.8,2.94,75.5,41.4,5.171
1.5,1,22.4,37.0,1.5,17.37,46.6,0.925
1.5,0,59.0,78.8,5.34,56.59,57.54,4.131
2.2,1,116.7,171.2,2.22,83.98,43.17,7.093
1.2,0,54.9,84.7,2.07,10.95,11.98,0.645
1.2,0,86.1,146.4,4.52,82.8,57.68,5.056
1.5,1,15.8,38.4,1.8,12.55,47.5,0.885
2.0,0,41.4,94.4,3.16,52.38,75.96,4.926
1.5,0,37.6,87.9,3.58,83.19,132.77,7.523
1.5,0,49.1,70.0,1.66,86.0,105.19,5.23
1.2,0,114.4,190.0,4.81,28.06,14.72,2.773
1.2,0,119.8,163.8,3.03,44.24,22.16,3.826
2.4,1,34.0,67.1,1.72,32.11,56.62,2.484
2.4,1,31.8,42.6,2.8,76.21,143.69,6.939
2.4,1,87.5,138.0,4.93,7.13,4.89,0.612
1.2,0,23.1,33.0,5.07,94.93,246.94,6.744
1.0,0,39.3,91.0,5.6,43.12,65.83,2.793
1.0,0,16.0,36.9,4.52,94.78,355.05,7.709
2.7,0,76.8,127.2,5.86,55.33,43.24,7.134
2.2,1,109.9,178.6,3.52,6.96,3.8,0.694
1.0,0,38.3,59.1,1.93,10.58,16.59,0.466
1.5,0,62.3,97.9,5.29,10.19,9.82,0.74
2.7,0,84.6,196.2,4.67,73.3,51.99,11.092
1.5,0,31.9,60.7,4.93,76.5,143.68,5.615
1.5,0,92.1,145.9,2.74,14.31,9.32,0.966
2.0,0,18.6,30.7,4.33,20.96,67.45,2.682
1.5,0,108.0,254.3,2.14,24.54,13.63,2.25
2.0,0,106.9,235.9,1.28,55.47,31.14,5.62
1.5,1,31.4,67.0,2.48,67.78,129.47,3.913
1.2,0,18.2,31.3,3.28,13.49,44.6,1.008
1.2,0,75.7,175.0,2.09,47.83,37.93,3.292
1.5,0,61.9,121.7,4.16,51.07,49.52,3.603
2.0,1,113.1,233.6,5.03,56.51,29.97,7.717
2.7,0,70.0,101.8,3.09,50.24,43.08,5.661
1.5,1,95.4,138.7,5.26,12.08,7.6,0.754
2.2,1,24.8,60.7,1.24,16.87,40.83,1.438
2.0,0,78.3,161.0,3.66,44.05,33.74,4.114
2.4,1,16.9,29.6,5.69,33.73,119.55,4.388
2.0,0,38.0,44.9,1.22,61.39,97.02,5.595
2.4,1,119.7,162.4,3.77,42.31,21.21,4.229
2.7,0,16.4,20.0,1.92,4.73,17.26,0.68
1.0,0,85.6,181.1,3.21,64.07,44.89,4.3
1.2,0,20.3,47.6,3.67,57.26,169.31,4.14
2.7,0,72.4,164.8,1.2,80.42,66.64,9.488
2.0,0,30.0,63.1,2.11,53.5,106.83,5.732
1.5,0,78.6,120.3,5.11,62.22,47.51,4.878
2.0,1,15.1,22.4,1.7,66.86,265.37,6.2
2.0,1,16.7,35.4,2.28,67.18,241.27,7.425
2.0,1,28.3,63.3,5.58,47.15,100.1,5.193
1.5,1,25.9,43.0,4.51,78.42,181.95,4.346
1.0,0,16.4,25.5,3.55,16.53,60.34,1.062
2.2,1,108.9,245.4,5.44,56.2,30.96,7.482
2.0,0,85.0,211.1,1.74,40.21,28.4,3.753
2.0,1,23.5,53.2,5.87,41.66,106.33,4.212
1.2,0,108.6,190.0,2.26,48.69,26.91,3.871
1.2,0,85.6,175.9,2.23,15.05,10.55,1.024
1.2,0,85.0,107.7,3.65,27.16,19.17,2.209
1.2,0,67.5,143.2,3.91,20.29,18.04,1.347
2.0,0,47.3,84.6,4.88,24.79,31.45,2.083
2.2,1,116.2,145.4,3.13,59.39,30.67,6.063
1.5,0,83.4,189.0,5.87,48.47,34.85,4.32
2.7,0,46.0,110.8,3.38,28.64,37.31,3.704
1.5,0,47.3,92.7,5.44,81.37,103.19,6.382
2.0,0,108.8,131.1,5.49,99.66,54.95,13.994
2.0,0,73.4,117.6,5.51,4.05,3.31,0.39
2.4,1,117.4,266.1,2.17,96.72,49.43,10.803
1.0,0,86.0,131.6,2.54,55.95,39.04,3.12
1.2,0,76.4,187.7,2.58,8.08,6.35,0.451
1.5,0,32.4,38.5,3.25,12.42,22.98,0.904
1.5,0,57.1,72.0,5.36,42.65,44.84,3.216
1.5,1,61.4,123.3,0.84,81.74,79.86,4.254
2.0,0,29.2,40.2,1.49,27.72,56.94,2.373
1.2,0,57.2,89.9,1.2,40.39,42.4,1.794
1.0,0,80.1,166.4,1.68,6.11,4.58,0.313
1.2,0,27.2,39.6,2.13,53.94,118.85,3.926
2.4,1,56.6,85.8,1.29,16.84,17.85,1.108
1.5,0,79.5,145.8,2.26,48.05,36.26,3.022
2.0,0,65.1,129.0,5.06,78.78,72.64,7.527
2.0,1,86.2,133.9,5.93,33.92,23.6,3.325
2.2,1,99.2,174.3,2.82,99.57,60.24,7.102
2.7,0,65.5,146.4,5.73,4.16,3.81,0.678
1.5,1,16.4,23.2,3.62,36.45,133.72,2.721
2.0,1,55.0,64.7,3.8,90.44,98.66,6.838
1.5,1,110.1,249.8,1.58,45.23,24.65,2.745
1.5,0,52.1,115.6,3.55,82.94,95.56,6.421
2.4,1,61.8,69.2,1.86,86.9,84.41,5.405
1.2,0,80.7,153.3,1.52,7.84,5.83,0.511
2.7,0,44.8,101.7,3.49,38.63,51.79,5.227
1.2,0,34.4,47.5,2.63,7.01,12.24,0.483
1.2,0,107.8,159.4,1.57,48.49,27.0,3.279
1.2,0,22.5,42.8,3.61,88.05,235.09,6.828
1.5,1,20.1,24.9,0.74,20.16,60.13,1.016
1.5,1,62.4,97.5,3.74,46.52,44.75,2.404
1.2,0,32.8,42.0,1.18,52.82,96.51,2.745
2.4,1,21.2,43.8,4.51,6.6,18.68,0.725
1.2,0,85.6,114.5,0.8,34.45,24.15,1.987
2.4,1,58.6,66.5,2.34,19.35,19.81,1.305
1.2,0,116.6,218.1,5.8,13.25,6.81,1.339
1.5,1,25.2,34.0,4.89,68.4,162.98,4.142
1.2,0,49.9,109.4,2.9,63.52,76.44,3.768
1.2,0,119.2,171.3,5.31,83.4,41.98,7.979
2.4,1,81.2,173.5,3.87,3.63,2.68,0.345
2.0,1,43.6,92.7,2.55,53.14,73.09,3.79
1.0,0,115.5,271.0,4.09,47.05,24.44,3.616
2.0,1,74.7,88.4,3.98,77.35,62.13,6.58
2.2,1,31.7,76.9,5.34,90.89,172.21,10.655
1.0,0,52.2,79.6,4.52,70.67,81.22,3.596
1.2,0,75.4,100.0,3.09,56.24,44.73,3.259
1.2,0,22.3,50.3,1.9,48.36,130.33,2.647
2.0,0,49.7,106.5,2.77,21.18,25.57,1.904
1.0,0,29.0,42.5,2.81,60.73,125.72,3.21
2.4,1,48.5,81.6,5.49,25.77,31.88,2.13
1.2,0,113.9,153.0,3.09,10.96,5.78,0.867
1.0,0,53.0,67.6,1.89,64.92,73.54,2.584
1.0,0,105.5,201.2,5.4,60.5,34.42,4.879
1.2,0,79.2,119.9,1.91,34.09,25.82,1.767
2.2,1,40.9,62.6,3.55,59.62,87.42,4.406
2.4,1,23.6,28.8,1.45,52.77,134.36,3.814
2.2,1,57.0,127.6,0.58,65.64,69.05,4.665
2.4,1,45.8,67.5,2.33,56.63,74.15,4.324
1.5,1,74.3,150.7,4.23,93.31,75.37,5.887
2.7,0,36.9,47.4,4.01,33.33,54.23,4.193
1.5,1,15.1,35.7,0.64,22.53,89.52,1.483
1.5,1,40.1,86.7,4.68,32.63,48.83,1.839
2.0,1,80.1,178.3,0.96,39.82,29.81,3.168
1.5,1,95.4,197.3,5.81,40.57,25.51,2.79
1.2,0,116.3,197.7,3.98,73.16,37.73,5.494
1.2,0,59.9,120.0,4.6,24.76,24.81,1.781
1.2,0,70.0,167.2,4.97,82.87,71.07,6.436
2.0,1,95.3,124.0,4.12,64.87,40.82,5.228
1.0,0,21.6,38.4,1.1,26.36,73.37,1.217
1.5,0,66.0,123.0,5.59,87.39,79.45,7.126
1.5,0,30.4,62.8,5.7,68.89,135.95,6.496
1.0,0,85.3,121.4,1.84,31.99,22.51,1.399
2.0,0,15.5,26.8,0.96,68.9,266.03,6.767
2.2,1,106.5,160.3,4.81,80.72,45.48,8.968
2.2,1,86.2,125.2,5.3,18.55,12.92,1.639
1.0,0,64.9,148.6,2.61,18.49,17.09,0.995
1.5,1,81.8,136.0,3.68,32.17,23.6,1.921
1.5,1,118.0,283.9,5.64,41.42,21.05,3.588
1.0,0,46.9,60.8,3.87,32.02,40.92,1.545
2.0,0,51.7,119.4,1.78,70.13,81.34,5.862
2.4,1,28.9,71.3,3.7,99.56,206.76,10.904
1.0,0,20.9,30.5,3.4,18.82,54.03,1.01
2.0,1,107.4,194.1,3.29,15.56,8.69,1.783
2.0,0,64.8,112.2,5.28,53.95,49.97,5.36
1.5,1,100.9,237.3,5.19,68.01,40.46,5.498
2.7,0,19.8,47.7,4.13,75.14,227.29,13.363
2.4,1,60.7,145.0,2.4,7.36,7.28,0.559
1.5,1,105.5,131.6,3.55,52.27,29.72,3.521
1.2,0,32.6,41.4,0.87,72.95,134.19,4.338
1.0,0,89.1,136.4,1.83,9.15,6.17,0.46
1.0,0,90.5,113.5,0.7,99.44,65.96,4.51
2.0,1,93.8,139.2,3.94,9.95,6.37,0.878
1.0,0,61.6,126.1,3.3,86.42,84.12,5.101
1.2,0,18.3,33.9,0.71,81.19,265.75,6.088
2.0,1,94.2,136.4,3.46,99.23,63.18,9.466
1.5,1,71.1,163.8,2.29,95.5,80.54,4.644
2.0,0,50.4,113.9,0.5,32.17,38.28,2.485
2.2,1,71.4,97.1,2.85,8.02,6.73,0.521
2.0,0,117.6,262.4,4.56,54.63,27.86,7.702
1.2,0,46.3,70.2,2.26,18.1,23.48,1.002
2.0,0,90.4,135.3,2.29,4.03,2.68,0.398
1.0,0,101.2,188.5,0.93,95.63,56.68,5.107
1.5,1,29.6,50.8,3.16,22.8,46.23,1.263
1.5,0,113.2,268.5,5.01,89.04,47.22,9.587
2.0,1,67.9,158.2,5.74,75.94,67.12,7.197
1.2,0,88.6,121.6,2.96,83.32,56.43,6.037
2.4,1,82.8,109.1,3.51,10.57,7.66,0.949
1.0,0,19.2,28.5,5.76,95.46,298.61,7.295
1.5,0,33.8,55.7,5.71,15.84,28.11,1.479
1.0,0,68.4,134.5,3.13,48.86,42.89,2.574
1.2,0,35.2,45.9,5.66,91.93,156.87,8.543
1.2,0,112.0,251.9,3.59,67.8,36.31,6.244
2.7,0,30.6,59.2,4.98,39.45,77.37,5.043
2.7,0,116.6,235.7,3.6,93.43,48.07,16.937
1.0,0,35.3,62.1,3.1,39.07,66.44,2.254
2.4,1,86.8,98.6,4.3,32.98,22.79,2.764
1.5,1,52.8,64.6,1.61,55.46,62.97,2.27
1.0,0,24.4,58.0,0.53,49.42,121.4,2.408
2.4,1,51.0,64.1,3.64,58.99,69.41,4.922
1.5,1,72.4,169.3,3.55,54.39,45.07,2.931
1.5,0,111.2,173.4,2.55,76.46,41.25,6.279
1.2,0,67.7,129.8,3.68,7.34,6.51,0.404
1.5,1,106.6,130.3,3.18,69.76,39.25,4.679
1.0,0,61.7,110.1,2.43,91.14,88.61,4.235
1.0,0,60.2,92.6,4.49,80.04,79.72,4.268
2.2,1,98.4,237.8,3.93,74.68,45.55,7.518
2.0,0,56.5,66.2,2.71,68.03,72.27,5.488
2.0,1,52.5,104.4,1.53,75.44,86.24,4.911
2.7,0,77.6,138.1,0.65,39.29,30.37,3.619
1.5,0,90.1,219.8,2.85,48.56,32.34,4.169
1.0,0,89.3,129.7,2.96,14.1,9.48,0.699
1.5,0,20.6,23.4,2.47,34.7,100.83,2.452
1.2,0,31.1,65.9,3.8,73.66,142.2,5.612
1.5,0,58.9,90.3,5.65,52.54,53.5,4.051
1.5,0,27.5,42.9,4.99,60.54,131.91,4.672
2.0,1,73.3,140.6,1.64,85.44,69.91,5.054
2.0,1,104.0,140.9,2.87,18.22,10.51,1.818
1.5,1,27.5,35.7,2.08,52.77,115.11,3.046
2.4,1,73.8,169.8,4.17,44.67,36.33,4.287
2.7,0,112.7,207.2,1.92,7.18,3.82,1.013
1.0,0,98.1,219.5,3.15,7.62,4.66,0.45
1.2,0,54.9,107.8,5.83,73.31,80.16,5.111
1.0,0,90.7,123.1,2.31,49.75,32.9,2.373
2.4,1,57.8,86.3,1.25,73.35,76.1,5.196
2.2,1,96.3,157.9,3.29,85.89,53.51,7.778
2.0,0,73.6,116.7,5.63,92.42,75.33,9.246
1.0,0,91.1,206.9,5.24,32.97,21.71,2.511
2.7,0,20.2,39.9,0.85,33.81,100.36,4.023
1.5,1,69.4,136.0,1.8,49.38,42.7,2.117
2.2,1,93.8,163.1,5.15,13.2,8.44,1.218
2.4,1,95.7,113.6,3.67,13.68,8.58,1.142
1.5,0,59.6,97.5,4.45,55.66,56.01,4.155
1.2,0,42.6,71.9,0.72,46.01,64.87,2.225
2.0,0,83.6,133.0,3.89,88.71,63.63,8.581
2.0,1,95.5,234.2,5.84,86.78,54.52,9.754
2.2,1,69.3,158.5,4.27,30.42,26.34,2.36
2.0,0,32.8,40.5,2.81,13.1,23.95,1.147
1.5,1,32.3,38.4,2.25,23.59,43.85,1.301
2.7,0,69.0,85.6,0.59,96.44,83.8,9.407
2.0,0,88.0,98.1,2.67,85.39,58.24,7.755
2.0,1,76.1,165.3,2.74,88.22,69.58,7.092
2.7,0,90.5,134.0,2.24,84.81,56.21,10.677
2.0,1,94.8,194.1,2.16,20.04,12.68,1.891
1.0,0,36.9,76.6,5.69,99.56,161.67,7.014
1.0,0,118.4,164.9,1.22,21.95,11.12,1.301
1.5,0,103.1,230.0,2.25,2.86,1.67,0.261
1.0,0,24.1,44.7,5.52,40.02,99.62,2.76
1.5,1,117.6,160.1,2.95,49.84,25.43,3.419
2.7,0,60.0,118.8,1.68,63.49,63.48,6.887
1.2,0,36.5,80.9,4.56,8.25,13.56,0.68
1.2,0,36.4,88.6,5.55,6.61,10.9,0.606
2.0,1,54.6,121.4,2.89,87.21,95.83,6.374
1.2,0,72.0,145.0,2.01,60.12,50.12,4.033
1.2,0,92.9,132.0,0.82,31.39,20.26,1.71
2.0,1,84.7,107.2,5.75,86.83,61.51,8.831
2.0,0,30.9,59.9,4.16,43.09,83.59,4.582
2.4,1,76.5,111.5,5.64,14.84,11.65,1.415
2.2,1,47.6,86.7,5.21,47.75,60.16,3.916
2.4,1,98.8,228.2,3.01,48.56,29.5,4.802
1.5,0,94.5,195.1,5.25,99.69,63.31,9.586
2.0,1,18.2,38.5,5.31,23.63,77.93,2.953
1.5,0,20.7,51.0,3.32,30.51,88.28,2.63
1.2,0,47.0,64.4,1.21,31.19,39.8,1.83
2.0,1,16.0,19.3,2.57,82.41,309.01,7.381
2.7,0,49.6,58.2,2.98,26.97,32.64,2.878
1.2,0,69.8,88.9,5.79,64.32,55.32,5.08
1.0,0,17.3,37.8,1.24,47.84,165.97,3.135
2.0,0,63.0,94.9,3.59,12.97,12.35,1.178
1.0,0,118.6,172.1,3.3,91.07,46.07,6.498
1.5,1,114.3,134.8,5.62,6.95,3.65,0.556
2.4,1,115.7,150.4,3.69,29.69,15.4,3.065
1.0,0,119.9,141.1,3.68,10.09,5.05,0.634
2.0,0,21.7,26.1,1.13,87.23,241.08,7.389
2.0,1,56.3,82.3,2.41,79.83,85.14,5.807
1.2,0,114.6,140.7,1.39,96.15,50.35,7.266
1.0,0,17.5,32.4,4.29,75.37,258.06,4.973
1.2,0,45.2,83.8,3.43,41.75,55.44,2.228
2.0,0,28.6,33.7,5.15,7.79,16.35,0.855
2.2,1,88.0,160.2,5.95,61.91,42.23,5.852
2.2,1,100.8,112.8,5.43,4.84,2.88,0.522
2.2,1,50.3,91.5,4.88,35.12,41.93,2.742
1.5,1,38.6,69.7,1.93,2.89,4.5,0.149
2.0,0,61.8,151.6,3.64,86.62,84.12,7.858
1.2,0,106.1,203.4,4.45,38.46,21.74,2.725
2.0,0,42.6,81.4,4.45,14.19,20.01,1.287
1.2,0,41.0,65.1,5.43,96.73,141.55,6.148
1.2,0,70.2,144.9,2.0,74.17,63.36,3.891
1.5,0,101.3,131.1,4.61,6.7,3.97,0.675
1.2,0,15.7,34.1,3.33,78.38,299.27,6.928
2.7,0,97.6,162.7,0.51,85.29,52.45,9.575
2.0,1,86.1,102.4,3.78,74.48,51.92,6.248
2.0,0,103.6,180.7,1.7,15.11,8.75,1.648
1.2,0,22.2,39.5,1.71,26.89,72.55,1.848
2.7,0,45.4,65.1,1.67,42.29,55.87,4.402
1.2,0,29.6,68.5,5.29,43.0,87.07,4.034
1.5,1,22.1,34.2,1.97,51.58,139.76,2.722
1.5,0,93.4,104.4,4.04,19.92,12.8,1.487
1.0,0,88.7,98.8,2.75,34.28,23.2,1.877
2.7,0,61.6,79.6,5.24,81.98,79.8,12.138
1.5,1,87.8,217.8,1.74,66.91,45.75,3.761
2.2,1,63.1,104.4,2.87,57.79,54.96,3.577
2.2,1,50.0,95.6,5.39,57.79,69.29,5.005
1.2,0,61.7,70.2,2.97,31.05,30.2,1.766
1.5,0,48.9,71.5,3.05,15.06,18.48,1.121
2.0,0,89.3,111.5,4.77,81.18,54.54,8.743
2.4,1,61.1,70.5,3.25,76.95,75.61,5.867
1.2,0,70.5,81.0,4.01,9.98,8.49,0.563
2.7,0,42.8,73.0,5.99,23.59,33.04,2.932
2.0,0,30.3,70.5,3.41,47.79,94.7,4.951
2.0,1,60.7,77.8,4.58,65.02,64.23,4.849
2.7,0,42.0,54.2,1.93,39.74,56.72,4.326
1.2,0,116.8,202.7,3.29,58.07,29.83,4.867
2.0,0,82.1,129.5,5.99,27.83,20.34,3.059
1.5,0,83.7,209.0,0.91,23.85,17.1,1.693
2.0,0,117.4,139.9,5.02,65.34,33.38,9.081
1.2,0,71.6,104.4,4.72,75.68,63.4,5.134
1.2,0,25.2,30.0,3.76,82.85,197.37,6.807
1.2,0,64.2,154.2,4.03,32.54,30.39,2.056
1.0,0,50.5,120.2,5.9,66.86,79.41,4.399
1.5,1,84.5,177.6,1.97,32.94,23.38,1.676
1.0,0,16.3,21.1,4.44,97.33,359.36,7.472
1.5,1,106.3,226.5,3.26,58.13,32.82,4.177
2.4,1,107.1,154.3,3.53,20.86,11.69,2.074
1.2,0,81.3,92.2,4.46,52.37,38.67,4.1
1.2,0,51.0,95.0,1.0,76.15,89.68,3.686
1.5,0,34.8,47.2,0.81,59.6,102.87,4.183
2.0,0,20.1,38.3,5.01,34.02,101.32,3.795
2.2,1,116.5,200.0,1.93,84.16,43.35,7.408
1.5,1,108.8,224.6,2.06,70.0,38.61,4.778
2.4,1,105.2,257.4,3.96,20.04,11.44,2.193
1.2,0,78.2,121.4,4.77,8.94,6.85,0.615
1.2,0,20.9,44.9,5.18,30.04,86.23,2.512
1.0,0,60.4,69.2,5.75,22.57,22.44,1.343
2.0,1,33.5,47.8,3.22,91.65,164.31,7.69
2.7,0,94.7,170.5,5.51,16.37,10.37,2.615
2.0,0,109.0,207.4,2.43,83.6,46.03,9.184
1.5,0,62.0,103.5,5.91,30.64,29.63,2.267
2.7,0,20.8,47.2,3.02,27.38,78.89,4.471
1.0,0,25.9,52.2,5.49,18.54,43.0,1.443
1.2,0,86.8,118.6,3.36,47.97,33.15,2.882
2.0,0,50.2,95.7,3.33,52.3,62.45,4.284
1.2,0,28.7,57.4,1.58,11.57,24.19,0.759
1.5,0,39.9,53.1,1.19,37.86,56.97,2.353
1.5,0,86.7,171.6,1.96,5.82,4.03,0.379
1.2,0,102.4,254.8,1.4,69.79,40.89,5.959
1.0,0,118.5,244.2,1.84,80.26,40.64,4.576
1.2,0,105.0,235.6,2.97,49.95,28.54,4.277
1.2,0,75.2,93.1,2.97,94.17,75.12,6.276
2.7,0,92.4,134.4,0.87,28.26,18.35,3.518
1.2,0,90.7,132.4,4.46,4.76,3.15,0.305
1.2,0,63.1,77.8,5.44,93.67,89.12,6.6
1.2,0,77.6,97.0,0.59,91.14,70.48,4.14
2.7,0,15.7,35.1,0.92,42.54,162.18,6.786
1.5,0,111.2,200.5,4.87,15.3,8.26,1.552
2.4,1,21.5,45.7,3.37,22.89,63.93,2.447
2.7,0,54.7,67.0,2.38,98.18,107.64,11.079
2.4,1,89.4,211.8,1.26,7.33,4.91,0.558
2.0,0,20.9,26.6,3.69,93.02,266.46,9.502
1.5,1,61.8,129.3,4.53,19.05,18.49,1.063
1.5,1,67.5,86.3,3.7,31.39,27.9,1.485
2.4,1,100.7,171.7,4.88,60.35,35.96,7.022
1.0,0,90.1,130.4,5.51,17.13,11.41,1.136
1.5,0,16.8,38.9,1.8,22.73,81.41,2.094
2.2,1,107.6,262.9,1.56,72.3,40.31,6.931
2.2,1,87.4,211.9,3.98,44.66,30.65,4.258
1.2,0,15.8,26.7,4.45,45.38,172.52,3.799
2.0,1,55.2,74.5,2.43,45.14,49.06,2.927
1.0,0,58.6,85.7,5.27,67.59,69.15,3.762
1.2,0,36.4,72.1,2.47,99.57,163.92,5.974
1.0,0,28.7,43.3,5.28,90.64,189.35,5.278
1.2,0,76.6,137.0,1.56,47.47,37.2,2.145
2.0,0,102.3,178.9,3.18,93.62,54.89,11.542
1.2,0,28.6,46.5,1.05,63.05,132.34,3.985
1.5,1,46.8,54.8,3.08,85.61,109.87,4.854
2.7,0,59.0,107.6,0.96,98.49,100.18,10.177
1.0,0,90.1,153.3,2.19,96.3,64.15,5.547
2.4,1,90.3,197.6,4.2,62.22,41.32,6.791
2.4,1,49.7,72.0,5.93,40.16,48.44,3.783
2.0,1,99.1,226.2,3.99,6.07,3.68,0.56
2.4,1,17.1,39.8,5.81,35.47,124.74,4.758
2.0,1,119.8,275.7,2.74,98.07,49.12,10.645
2.4,1,18.3,23.3,3.98,90.1,295.28,10.341
1.5,1,100.1,166.3,5.71,41.83,25.06,3.495
1.5,0,23.5,47.9,4.29,35.46,90.66,2.901
2.0,1,98.1,135.5,4.93,85.31,52.19,7.275
1.5,1,20.2,26.5,3.46,58.43,173.24,3.607
1.5,1,118.2,218.8,3.26,27.26,13.84,1.998
1.2,0,20.2,39.2,2.38,95.43,283.46,7.247
1.5,0,67.4,80.9,4.26,51.32,45.69,3.705
2.0,0,49.0,110.0,3.45,86.27,105.72,7.952
2.4,1,23.8,47.6,4.69,59.32,149.57,5.723
2.4,1,99.4,223.1,5.88,51.18,30.9,5.775
2.0,0,106.0,193.9,4.18,81.87,46.35,9.354
2.7,0,104.9,130.0,1.0,27.74,15.87,4.026
2.4,1,25.7,28.8,3.89,96.16,224.51,9.56
1.5,0,25.1,37.3,2.26,76.79,183.21,5.886
1.2,0,106.0,204.7,1.2,43.9,24.85,2.631
1.2,0,62.6,143.6,3.7,9.74,9.33,0.574
2.0,1,68.9,167.5,3.45,40.63,35.37,3.701
2.0,1,50.8,113.2,2.36,7.43,8.78,0.586
2.4,1,50.0,89.4,3.65,25.36,30.43,2.148
1.5,1,70.4,132.4,5.88,77.77,66.27,4.205
2.7,0,32.9,56.8,1.66,69.58,126.87,8.605
2.2,1,23.6,35.8,4.2,34.22,86.96,2.82
2.4,1,67.2,99.9,4.52,9.51,8.49,0.786
2.0,0,59.0,129.0,2.36,57.25,58.23,4.828
1.2,0,76.3,133.3,5.0,68.97,54.26,4.153
2.7,0,60.0,81.9,2.05,28.22,28.2,3.116
1.5,0,23.6,32.4,5.69,97.7,248.34,8.453
1.5,0,72.2,106.7,4.36,66.57,55.32,5.012
1.5,0,91.5,168.3,1.61,12.79,8.38,0.821
1.0,0,97.6,177.0,2.15,16.82,10.34,0.849
1.5,1,36.1,84.1,1.57,32.72,54.42,1.843
1.5,0,58.1,139.8,4.01,80.58,83.21,6.037
2.2,1,118.0,252.1,1.15,76.14,38.71,6.495
2.0,0,57.4,142.9,1.46,67.92,71.02,5.173
2.0,1,21.6,29.4,0.68,74.85,207.86,5.801
1.2,0,84.9,152.0,5.58,3.55,2.51,0.321
1.5,1,41.7,74.5,2.74,98.68,141.86,4.3
2.7,0,46.8,81.6,2.04,38.2,49.0,3.916
2.0,0,70.3,132.7,1.44,21.37,18.23,1.526
2.0,1,68.3,122.9,1.11,40.17,35.28,2.458
2.0,0,46.2,59.6,1.3,70.35,91.35,5.36
1.2,0,120.0,132.3,4.01,15.84,7.92,1.325
2.4,1,115.3,225.4,0.51,89.61,46.64,8.1
2.7,0,24.5,59.4,1.92,35.05,85.85,4.347
2.2,1,86.6,203.0,4.31,25.87,17.92,2.666
1.0,0,99.3,130.6,2.52,38.59,23.31,1.892
1.2,0,53.0,88.4,4.95,39.17,44.37,2.036
1.5,1,27.7,68.8,4.79,40.24,87.03,2.698
1.5,1,73.2,98.4,2.58,84.63,69.39,4.164
2.2,1,106.0,249.3,5.56,11.3,6.39,1.428
2.7,0,67.5,113.5,1.43,20.38,18.11,1.838
2.4,1,63.7,85.6,2.36,3.77,3.55,0.271
1.2,0,18.9,45.1,4.2,99.09,314.44,10.953
1.2,0,104.4,137.7,5.86,84.57,48.6,8.564
2.0,0,105.7,166.7,5.45,94.21,53.49,13.152
1.2,0,62.5,141.9,5.79,77.96,74.79,5.647
1.0,0,103.6,142.2,5.05,57.14,33.1,4.567
1.5,0,36.8,69.8,5.27,44.35,72.33,4.301
1.2,0,46.8,100.3,5.8,72.35,92.74,5.62
1.2,0,107.5,171.0,0.96,73.01,40.74,4.516
2.2,1,17.3,34.3,1.4,57.43,199.42,5.029
2.2,1,53.1,103.1,5.17,89.09,100.66,7.492
2.0,0,43.3,64.4,5.63,72.91,101.05,7.403
1.5,1,23.9,49.1,4.39,37.28,93.75,2.252
2.2,1,35.3,85.8,2.75,47.73,81.13,3.78
1.0,0,117.8,193.3,1.97,43.31,22.06,2.238
2.2,1,32.7,44.6,3.03,30.06,55.21,2.461
1.5,0,83.4,187.9,2.8,9.16,6.6,0.696
2.2,1,77.6,162.5,0.54,52.78,40.81,3.293
2.0,1,96.5,166.5,2.96,95.59,59.46,8.456
2.0,1,37.0,84.5,5.48,55.08,89.43,6.225
1.2,0,76.1,121.8,1.4,51.36,40.48,2.607
1.5,1,50.5,121.8,5.52,22.52,26.74,1.32
1.5,1,76.1,184.6,0.8,12.41,9.79,0.555
2.4,1,82.8,194.5,4.53,51.82,37.56,5.76
2.0,1,44.4,83.9,0.98,42.54,57.52,2.882
1.0,0,119.0,177.2,3.24,34.29,17.29,2.287
2.7,0,61.2,114.4,4.88,59.14,57.94,7.75
1.2,0,69.9,79.2,2.78,31.33,26.9,2.009
2.0,1,56.6,78.0,2.84,39.78,42.18,3.058
1.2,0,98.7,145.8,5.38,15.46,9.39,1.105
2.2,1,60.8,80.2,5.71,77.15,76.15,6.208
2.7,0,34.0,72.4,1.89,50.1,88.43,5.8
2.0,0,74.0,138.7,1.13,14.36,11.64,1.07
2.0,0,17.2,36.3,0.68,60.34,210.37,6.937
2.0,0,65.8,78.3,3.53,84.43,76.94,8.25
1.0,0,18.4,33.2,3.8,8.12,26.42,0.594
2.0,0,86.9,215.2,4.3,88.55,61.11,10.85
1.2,0,100.2,118.0,3.46,8.91,5.34,0.872
1.5,0,91.3,128.5,2.97,80.05,52.63,5.841
1.2,0,94.1,185.5,3.47,75.46,48.09,5.185
1.2,0,65.7,129.5,0.56,21.09,19.28,1.17
1.2,0,66.7,151.5,1.4,29.14,26.21,1.394
2.0,1,58.1,81.7,5.81,14.8,15.28,1.256
2.4,1,30.2,55.5,5.8,61.55,122.09,6.987
2.2,1,16.0,19.6,4.94,77.6,290.17,8.825
2.0,1,51.6,123.5,1.64,87.66,101.87,5.637
1.2,0,37.0,68.5,4.55,63.48,102.97,4.148
2.0,1,22.0,55.0,0.64,83.85,228.7,6.659
1.5,1,73.2,173.0,5.59,2.89,2.37,0.171
2.0,1,106.1,191.0,0.84,72.03,40.72,6.428
2.0,0,99.5,244.3,1.98,50.49,30.44,4.34
1.0,0,67.8,88.3,2.93,34.74,30.75,1.599
1.5,0,45.9,67.2,0.64,29.95,39.12,1.73
1.5,0,115.3,165.6,2.28,20.01,10.42,1.724
1.5,1,34.9,78.5,1.14,66.29,113.82,3.53
2.7,0,74.0,82.0,0.93,88.36,71.62,8.09
2.2,1,43.4,70.3,3.63,88.41,122.16,7.217
2.0,0,24.1,49.1,2.76,48.13,119.85,4.514
2.7,0,41.2,65.9,1.47,70.12,102.02,7.175
1.0,0,93.6,138.7,1.15,26.7,17.1,1.387
1.0,0,61.9,115.8,5.69,22.8,22.11,1.288
1.2,0,27.3,34.9,3.45,93.78,206.43,5.927
2.0,1,24.1,47.0,0.81,67.94,169.08,5.071
2.4,1,36.0,58.3,3.26,73.1,121.94,6.205
2.0,0,65.9,122.4,5.0,18.82,17.13,1.998
2.7,0,93.0,159.4,5.0,55.83,36.0,8.367
2.4,1,82.1,129.2,5.49,59.56,43.51,5.654
1.2,0,94.4,208.8,3.22,89.69,56.99,6.182
1.5,0,91.1,124.3,5.41,44.23,29.14,3.687
1.2,0,48.7,65.7,1.82,42.96,52.97,1.944
2.0,0,21.9,46.4,3.58,37.18,101.93,4.439
1.5,1,93.4,219.5,4.66,34.54,22.19,2.391
1.2,0,98.2,146.4,4.06,87.58,53.5,5.228
2.0,1,105.2,209.0,1.89,56.42,32.19,4.941
1.0,0,39.5,91.2,2.2,70.02,106.41,3.667
2.0,1,46.2,95.0,1.64,80.3,104.22,6.044
2.7,0,99.3,187.4,4.57,66.86,40.39,8.96
2.7,0,55.2,84.2,0.64,2.38,2.59,0.225
2.0,0,63.2,142.0,5.61,55.42,52.59,6.293
2.2,1,50.6,91.0,2.91,23.39,27.73,1.489
2.0,1,58.6,71.8,2.91,24.61,25.21,1.674
1.0,0,108.1,253.5,4.6,5.45,3.02,0.41
2.0,0,50.4,61.8,5.79,81.11,96.52,8.046
1.2,0,16.2,27.2,1.35,67.12,249.25,4.661
1.2,0,108.3,186.1,1.29,76.9,42.6,5.23
1.2,0,105.5,186.5,5.97,68.56,38.99,6.35
1.2,0,57.8,86.9,3.57,31.82,33.02,1.946
2.0,1,116.1,156.3,1.48,91.69,47.38,7.93
1.0,0,77.8,151.1,0.85,97.31,75.03,4.09
2.7,0,117.4,167.3,5.35,34.17,17.47,5.745
1.5,0,81.8,108.8,2.86,30.15,22.12,2.283
1.2,0,76.8,99.3,2.84,56.13,43.88,2.998
1.5,0,106.8,258.0,4.93,85.36,47.93,8.78
2.7,0,46.9,77.7,2.24,47.8,61.2,5.033
2.0,1,47.8,59.2,3.4,7.6,9.52,0.542
2.7,0,53.3,98.7,4.84,82.17,92.42,10.764
2.2,1,50.0,77.2,4.76,7.1,8.52,0.481
1.5,0,99.8,180.8,0.8,54.48,32.75,3.892
1.2,0,89.5,158.9,3.36,97.57,65.39,8.178
2.0,0,39.6,46.9,3.35,14.19,21.52,1.585
2.2,1,112.8,138.2,3.31,92.02,48.94,10.07
1.2,0,56.0,69.9,4.19,30.31,32.48,1.761
1.2,0,32.5,41.3,0.97,91.13,168.08,4.684
2.7,0,47.5,86.1,2.71,85.8,108.29,9.309
2.0,1,110.4,242.2,0.61,34.05,18.51,3.345
2.4,1,110.5,219.6,0.9,91.08,49.45,8.948
2.7,0,39.6,54.6,4.43,32.87,49.84,4.36
2.4,1,115.6,208.6,0.96,62.76,32.58,5.468
2.2,1,44.9,79.5,1.49,49.59,66.25,3.226
1.5,1,95.6,132.7,2.27,47.62,29.9,2.851
2.0,0,26.2,59.6,3.16,66.62,152.8,7.507
1.2,0,102.7,221.6,3.16,12.94,7.56,1.014
2.7,0,48.6,82.2,1.76,21.56,26.61,1.957
1.2,0,42.6,49.9,1.77,80.59,113.6,4.792
1.5,1,22.3,26.4,5.6,65.55,176.23,4.318
1.5,0,54.8,130.2,3.88,42.37,46.36,3.474
1.5,1,104.3,242.9,3.52,66.31,38.14,5.016
2.4,1,88.3,176.0,2.26,11.16,7.59,0.928
1.2,0,20.6,35.5,0.77,57.79,168.23,3.606
2.0,0,47.1,90.9,3.46,2.46,3.14,0.2
1.0,0,95.1,122.8,1.76,88.48,55.8,3.833
1.2,0,40.5,96.1,1.01,47.88,70.91,2.702
1.5,1,45.7,74.3,3.3,33.27,43.63,1.898
1.2,0,46.3,59.1,5.13,37.49,48.58,2.488
2.0,1,26.8,32.3,3.67,64.98,145.47,6.19
2.4,1,52.1,67.0,4.2,51.85,59.69,4.332
2.4,1,102.7,234.0,2.17,44.09,25.76,4.773
2.0,0,18.3,44.3,1.82,25.51,83.83,2.668
1.5,0,75.9,154.3,5.51,35.87,28.37,3.118
2.4,1,34.6,78.4,4.72,36.36,63.04,3.589
1.2,0,102.8,127.6,4.22,26.38,15.4,2.144
2.4,1,44.4,60.7,3.27,86.83,117.43,6.587
1.2,0,108.9,154.6,4.57,32.35,17.83,3.121
2.2,1,57.2,69.0,4.53,62.45,65.52,4.218
1.2,0,85.0,127.3,3.72,59.5,42.0,4.512
1.2,0,119.7,157.4,5.25,28.07,14.07,2.48
2.4,1,30.8,74.1,2.61,73.49,143.1,6.164
1.0,0,29.2,50.5,5.06,31.66,65.0,2.035
2.4,1,66.5,84.3,4.91,26.2,23.64,2.264
2.7,0,63.3,71.0,2.06,44.79,42.44,5.058
2.0,1,50.5,82.9,1.83,92.6,110.08,6.0
2.2,1,60.4,119.1,0.91,51.36,51.02,3.006
1.0,0,73.5,156.7,2.35,76.98,62.88,3.829
1.2,0,83.1,93.5,4.1,62.62,45.24,3.959
2.4,1,119.4,212.0,4.66,46.33,23.27,4.546
2.7,0,77.2,175.3,0.74,25.19,19.58,2.987
2.2,1,48.8,121.8,5.98,20.74,25.52,1.853
2.0,1,18.0,25.9,5.35,42.76,142.85,5.444
2.0,1,26.0,53.7,1.37,79.19,182.5,6.219
2.4,1,16.1,33.6,1.12,77.74,289.12,7.969
2.0,0,107.3,179.7,3.15,8.91,4.98,1.021
1.2,0,114.2,170.9,3.03,67.79,35.6,4.876
2.0,0,92.5,214.1,3.94,67.57,43.81,7.03
1.2,0,83.9,147.7,3.64,6.55,4.68,0.514
2.2,1,108.6,196.3,0.92,32.01,17.69,2.785
1.5,1,108.5,160.4,5.03,52.8,29.2,4.152
1.5,0,45.2,96.4,0.89,86.73,115.1,5.451
1.2,0,89.7,105.2,5.23,46.91,31.39,3.854
2.2,1,110.0,247.0,2.4,81.16,44.26,8.048
2.2,1,65.0,161.7,4.74,22.63,20.9,1.868
1.0,0,118.1,152.1,2.23,49.58,25.2,3.054
1.2,0,77.2,126.0,3.26,61.3,47.63,4.135
2.4,1,94.5,204.2,4.95,88.89,56.42,8.569
1.5,1,95.4,229.6,5.71,38.16,23.99,2.627
2.7,0,23.7,56.4,2.11,50.09,126.87,6.884
1.2,0,55.2,122.2,3.01,18.74,20.35,1.31
2.2,1,104.7,229.7,1.07,12.53,7.18,1.07
2.0,1,110.8,268.6,1.85,14.89,8.07,1.37
2.0,0,41.8,96.2,3.51,57.81,82.99,5.475
1.0,0,61.5,71.6,3.49,35.18,34.35,1.75
1.2,0,88.1,117.2,4.65,96.87,66.0,7.842
2.0,1,78.0,161.7,5.04,7.49,5.76,0.715
2.7,0,32.8,50.8,2.92,83.65,153.22,11.491
2.7,0,56.5,82.2,5.9,98.34,104.48,14.404
2.4,1,41.9,57.3,4.18,2.04,2.92,0.173
2.0,0,23.4,27.3,2.96,45.67,117.29,4.618
2.7,0,116.2,232.2,0.63,44.16,22.8,6.408
1.5,1,24.9,53.9,3.83,57.89,139.34,3.48
1.0,0,70.4,158.7,5.21,92.91,79.2,6.266
2.2,1,103.5,218.4,0.93,12.4,7.19,1.149
2.7,0,117.7,155.6,3.18,37.68,19.21,6.275
2.2,1,81.2,122.6,2.55,67.66,50.0,4.891
1.2,0,102.5,155.4,4.84,5.06,2.96,0.427
1.0,0,46.8,75.3,0.87,98.96,126.75,3.743
1.2,0,61.5,149.3,1.85,54.14,52.83,2.826
1.2,0,35.3,49.5,4.56,20.54,34.86,1.598
2.4,1,34.8,41.0,0.94,99.29,171.29,8.044
1.5,0,43.2,87.1,3.43,94.52,131.3,6.981
2.0,0,51.7,87.7,1.21,14.05,16.29,1.065
1.5,1,89.2,215.6,2.31,6.14,4.13,0.371
1.5,1,32.7,70.8,5.92,94.69,173.81,6.605
2.7,0,39.6,58.5,4.1,40.23,60.97,5.212
2.2,1,54.2,97.0,3.69,20.53,22.73,1.663
1.2,0,69.5,105.5,2.82,31.24,26.96,1.559
2.2,1,70.4,117.1,3.74,10.74,9.16,0.795
2.2,1,96.7,220.2,3.69,62.66,38.88,5.686
1.0,0,51.6,108.9,0.94,19.95,23.2,0.931
1.5,1,21.5,28.5,5.42,69.23,193.48,4.439
1.2,0,80.7,105.8,3.08,51.43,38.23,3.437
1.5,0,67.0,105.0,0.89,10.77,9.64,0.607
1.0,0,101.6,180.9,3.49,31.87,18.81,2.014
2.7,0,79.7,137.2,1.53,66.01,49.69,6.137
1.5,1,53.6,66.5,2.2,67.05,75.04,3.313
1.2,0,37.7,51.1,2.87,82.12,130.72,5.286
1.2,0,37.1,52.7,2.04,14.49,23.41,1.046
1.5,0,62.3,134.3,5.76,77.66,74.77,7.042
2.4,1,41.9,84.2,1.14,54.57,78.17,3.951
1.2,0,86.1,154.6,1.02,30.49,21.25,2.136
1.5,0,38.6,56.4,3.14,37.99,58.99,3.244
1.0,0,55.3,125.5,4.08,62.19,67.51,3.307
1.5,1,19.0,44.1,3.32,41.03,129.37,3.295
2.7,0,29.7,55.3,0.54,11.32,22.85,1.186
1.0,0,61.1,109.7,2.72,68.51,67.23,3.09
1.5,1,115.6,270.1,5.63,86.16,44.73,7.8
2.0,1,74.8,172.4,0.93,9.11,7.31,0.692
2.2,1,57.5,104.0,5.84,29.07,30.33,2.596
2.7,0,114.4,192.3,2.3,61.46,32.24,9.912
1.5,0,38.6,69.1,5.79,77.42,120.48,6.853
1.5,0,72.7,156.1,4.81,33.81,27.92,2.663
2.7,0,73.8,156.5,2.45,62.04,50.42,7.635
2.2,1,103.8,176.3,2.0,39.65,22.91,3.57
2.0,0,67.5,153.7,4.36,79.33,70.49,7.525
2.7,0,102.2,154.3,5.31,77.63,45.56,13.917
2.4,1,32.5,37.9,4.79,26.75,49.36,2.624
1.2,0,26.1,49.5,3.25,85.85,197.71,6.622
1.5,1,62.2,84.9,3.29,53.8,51.89,2.981
2.2,1,18.0,35.7,2.42,30.68,102.27,2.89
2.2,1,102.4,152.0,4.53,11.22,6.57,1.238
2.2,1,30.6,65.5,0.55,18.52,36.38,1.488
1.5,0,92.1,149.2,4.46,68.25,44.46,5.603
2.4,1,55.2,77.9,5.04,61.62,66.97,5.484
2.4,1,103.2,218.3,5.42,13.52,7.86,1.984
2.2,1,16.2,40.5,2.05,67.47,249.31,6.681
1.5,1,47.8,113.8,5.12,85.07,106.74,5.791
2.0,0,99.6,193.6,2.13,89.04,53.64,8.912
2.0,0,40.8,70.4,2.26,74.95,110.35,6.683
2.4,1,34.9,71.4,1.01,73.49,126.36,6.009
2.0,0,83.3,195.4,2.92,90.32,65.04,9.776
1.5,0,19.3,35.5,5.38,84.11,261.49,9.779
2.0,1,49.3,97.2,0.81,4.34,5.28,0.277
2.4,1,61.0,89.6,1.41,69.54,68.37,4.649
1.5,0,65.8,135.5,4.78,3.97,3.62,0.322
2.2,1,94.0,202.5,4.44,67.6,43.15,6.384
2.0,1,91.2,207.9,2.14,33.03,21.72,3.066
1.2,0,82.5,170.8,5.29,35.55,25.86,3.555
2.2,1,70.4,128.5,3.68,75.43,64.27,6.183
1.0,0,20.6,49.7,3.41,62.26,181.25,3.924
2.0,1,43.6,58.3,3.91,72.46,99.74,5.688
2.4,1,29.9,69.7,3.7,14.43,29.0,1.449
2.7,0,109.2,160.6,4.41,11.8,6.48,1.733
2.0,1,52.3,61.1,0.67,56.31,64.59,3.823
1.2,0,16.7,20.5,2.3,44.84,161.45,3.667
2.7,0,22.6,55.0,1.73,92.39,245.28,11.514
1.2,0,73.2,175.9,0.53,75.33,61.76,4.974
2.2,1,20.8,35.1,4.39,47.34,136.88,4.334
2.0,0,29.8,32.8,4.96,10.58,21.29,1.111
1.5,1,69.2,146.6,3.69,17.93,15.54,1.065
2.2,1,92.3,140.4,3.05,60.74,39.5,4.895
1.2,0,111.7,143.0,2.95,81.9,43.98,6.243
2.0,0,41.0,88.0,1.94,88.41,129.51,7.768
1.5,0,16.5,20.1,3.67,93.75,340.38,9.66
2.0,1,80.6,120.5,2.58,12.09,9.0,1.03
2.0,0,89.4,129.5,2.28,34.75,23.32,2.948
1.2,0,81.2,174.6,2.91,93.4,69.01,7.412
1.5,0,107.3,120.0,5.7,49.94,27.92,5.037
2.0,0,67.5,138.5,2.66,27.83,24.73,2.722
2.7,0,83.5,176.8,0.5,93.81,67.42,11.071
2.0,1,42.7,49.2,1.18,98.66,138.75,6.13
1.5,1,26.2,55.3,5.2,27.18,62.17,1.825
2.4,1,58.6,114.9,3.15,47.03,48.16,3.659
1.2,0,113.8,269.4,3.62,36.73,19.37,3.043
2.0,1,90.1,169.3,5.2,93.1,62.0,8.736
2.4,1,56.2,93.7,1.19,81.73,87.26,4.943
1.5,1,31.6,55.0,3.83,69.8,132.45,4.09
2.4,1,74.7,128.1,0.87,47.54,38.2,3.373
1.2,0,106.0,121.5,5.52,13.6,7.7,1.417
2.0,1,98.0,148.3,3.23,43.27,26.5,3.783
2.2,1,29.3,40.3,0.8,21.42,43.83,1.388
2.4,1,48.2,118.7,1.57,35.89,44.66,2.557
2.0,1,78.0,170.5,4.62,34.22,26.33,2.979
1.2,0,60.8,85.9,2.64,42.77,42.24,2.351
2.7,0,72.7,170.4,1.08,82.62,68.18,8.561
1.2,0,48.2,80.1,1.33,51.35,63.86,2.593
1.5,0,89.3,158.6,5.43,98.3,66.04,8.545
1.5,1,107.9,205.9,1.72,28.37,15.78,1.766
1.0,0,119.2,152.8,4.88,40.69,20.49,2.742
2.2,1,58.4,108.1,0.77,2.23,2.29,0.132
2.7,0,27.7,34.9,2.76,65.49,141.68,8.636
2.0,0,23.4,56.4,1.93,85.63,219.97,8.607
2.2,1,32.7,73.7,4.73,60.48,110.88,5.551
2.0,0,61.7,77.7,2.43,99.83,97.02,8.767
2.2,1,53.2,106.2,5.46,18.06,20.39,1.488
2.7,0,112.9,168.2,5.73,8.2,4.36,1.525
2.2,1,97.4,219.8,5.53,88.23,54.36,10.359
2.7,0,95.1,182.8,1.94,98.23,61.94,12.195
1.5,1,17.7,36.6,3.82,93.71,316.83,7.129
1.2,0,42.2,47.6,0.7,91.66,130.26,4.941
2.4,1,94.5,200.8,4.4,21.63,13.73,2.063
2.2,1,47.5,84.4,2.28,84.22,106.33,5.556
2.2,1,103.1,207.8,1.76,28.85,16.8,2.579
2.4,1,115.9,229.3,1.93,30.65,15.87,2.872
2.4,1,90.6,186.9,1.03,92.41,61.18,7.9
2.2,1,21.6,48.5,1.01,68.05,189.41,4.903
1.5,0,103.5,171.7,3.37,41.35,23.97,3.675
2.0,0,79.9,138.9,5.42,50.79,38.16,5.426
1.5,0,76.9,133.4,4.6,22.93,17.9,1.418
2.2,1,101.3,119.8,3.86,39.06,23.14,4.188
2.4,1,98.4,121.9,1.99,85.8,52.31,6.376
2.0,1,117.9,173.9,0.73,71.1,36.19,6.132
1.5,1,89.3,102.1,5.29,15.59,10.47,0.974
2.4,1,89.1,211.8,4.09,77.83,52.4,7.654
2.2,1,39.6,70.2,3.54,63.91,96.79,5.245
1.5,1,116.4,130.5,3.15,34.67,17.87,2.417
2.7,0,40.3,51.6,4.43,8.78,13.07,1.018
2.4,1,41.2,80.6,3.72,38.23,55.62,3.05
2.0,1,53.0,115.9,4.56,89.51,101.42,7.543
1.2,0,114.8,243.6,0.79,88.66,46.33,7.845
1.5,0,76.5,188.7,3.43,90.72,71.14,6.272
1.0,0,41.0,91.4,4.7,39.84,58.32,2.391
2.0,1,116.0,197.2,1.59,63.41,32.79,5.727
2.7,0,47.0,115.9,4.15,42.01,53.57,5.301
2.0,1,47.8,108.0,3.77,79.8,100.09,7.461
1.5,1,27.4,55.2,2.06,2.02,4.43,0.113
2.7,0,103.1,118.1,3.36,57.58,33.51,9.442
1.5,1,98.0,126.1,2.21,62.34,38.16,3.56
2.7,0,106.9,179.8,2.72,5.55,3.11,0.832
1.5,1,17.3,26.4,5.57,33.45,115.81,2.613
1.2,0,85.6,117.7,5.43,12.35,8.66,1.109
1.2,0,89.8,147.1,2.71,78.76,52.65,6.048
1.2,0,66.6,140.6,5.66,10.94,9.86,0.699
1.2,0,26.4,65.4,3.91,65.78,149.75,5.214
1.2,0,46.3,92.4,2.08,25.13,32.54,1.606
1.5,1,20.9,48.4,2.12,2.18,6.24,0.124
2.7,0,45.3,59.3,1.83,93.74,124.09,9.412
2.7,0,17.1,22.0,4.32,13.78,48.45,2.191
2.0,0,48.3,98.8,2.09,58.57,72.82,4.793
2.0,0,15.3,36.8,1.11,41.81,163.99,5.028
1.0,0,28.3,33.5,2.18,17.45,36.95,0.86
2.2,1,112.3,264.7,4.52,37.97,20.29,3.895
1.2,0,47.9,72.5,4.53,87.39,109.45,5.467
2.0,1,41.2,65.0,1.43,59.0,86.0,4.169
2.0,0,59.5,65.8,2.22,53.62,54.11,4.216
1.5,1,88.8,196.2,3.96,16.96,11.46,1.166
1.2,0,84.3,179.0,2.99,69.06,49.13,4.448
1.5,1,77.0,183.2,4.89,92.3,71.89,5.804
1.2,0,36.4,52.7,5.98,12.13,19.97,0.84
2.0,1,79.4,175.6,0.97,19.98,15.09,1.491
1.2,0,16.5,33.3,2.51,61.93,225.67,6.056
2.0,0,100.6,180.4,1.24,88.8,52.95,9.145
2.7,0,68.5,115.9,2.69,4.59,4.02,0.488
2.4,1,17.6,37.3,4.96,80.09,272.42,9.132
2.7,0,85.6,201.7,2.96,44.82,31.42,6.592
2.2,1,34.9,76.0,5.13,62.53,107.56,6.867
1.2,0,36.8,41.5,3.14,52.34,85.3,3.261
1.5,1,19.2,26.6,1.48,35.1,109.49,2.102
1.2,0,79.7,197.7,4.02,86.3,64.95,6.893
2.0,1,55.0,66.6,1.45,7.8,8.51,0.464
2.4,1,88.1,122.3,2.93,8.37,5.7,0.752
2.2,1,109.8,253.7,3.06,74.95,40.95,8.547
1.5,1,60.3,132.8,3.04,94.21,93.68,5.392
1.2,0,78.8,150.3,1.4,14.24,10.84,0.614
2.7,0,116.6,251.3,4.96,5.22,2.68,0.924
1.5,1,102.2,119.4,5.19,55.74,32.74,4.15
2.0,0,51.5,121.1,3.09,53.73,62.54,5.778
2.2,1,28.9,41.3,2.99,52.68,109.28,4.384
2.0,0,116.6,269.2,2.97,8.16,4.2,0.983
2.4,1,93.1,178.0,2.63,18.73,12.08,1.494
1.2,0,31.9,50.2,2.28,59.54,112.11,3.822
1.0,0,42.1,75.3,5.87,34.66,49.41,1.987
1.2,0,115.4,250.8,5.83,75.13,39.06,7.825
1.5,0,76.9,133.1,5.22,95.77,74.7,7.387
2.7,0,104.2,238.2,2.46,83.58,48.11,14.611
1.5,1,40.4,73.2,2.59,45.95,68.32,2.409
1.2,0,62.5,80.4,0.76,77.99,74.9,4.394
2.4,1,30.7,58.4,1.9,24.35,47.53,1.684
2.7,0,47.5,60.0,5.92,32.25,40.75,4.031
2.0,0,76.7,91.3,5.24,96.23,75.27,9.135
1.2,0,50.1,106.0,4.18,9.04,10.83,0.696
2.4,1,72.0,105.4,3.73,27.61,23.01,2.423
1.0,0,97.5,199.2,1.13,70.09,43.14,3.651
2.4,1,110.7,236.4,1.59,84.65,45.86,7.884
2.0,1,87.0,188.1,3.43,64.6,44.55,6.9
1.5,1,60.9,111.3,2.12,3.5,3.45,0.158
1.2,0,20.9,24.5,5.49,72.68,209.12,5.564
2.0,0,83.3,167.8,5.76,2.3,1.65,0.276
2.4,1,59.0,91.1,0.7,15.4,15.65,1.081
2.4,1,39.3,53.2,4.96,15.23,23.25,1.393
1.0,0,117.7,293.3,3.56,18.67,9.52,1.336
1.2,0,47.5,70.9,5.85,17.03,21.52,1.337
1.0,0,77.6,184.9,2.08,20.18,15.6,1.048
2.2,1,105.0,122.6,1.32,42.57,24.32,3.58
1.2,0,63.0,144.0,2.99,43.59,41.5,2.729
2.0,0,26.3,46.9,4.34,53.93,122.95,5.393
1.5,1,81.7,193.9,0.6,56.59,41.56,3.291
2.4,1,31.0,41.7,2.07,95.68,185.31,8.446
1.0,0,76.5,156.4,4.92,66.6,52.22,3.588
2.0,0,100.7,223.8,5.15,13.32,7.94,2.164
1.0,0,58.4,97.4,4.24,8.58,8.81,0.437
2.0,1,102.0,136.5,5.44,66.3,39.02,8.391
2.0,1,23.3,41.6,2.23,21.8,56.11,1.941
2.4,1,55.7,83.7,1.98,86.38,93.03,5.264
1.5,1,33.1,52.4,0.84,28.46,51.51,1.499
2.4,1,26.1,29.4,4.93,15.51,35.63,1.506
2.4,1,68.9,140.4,5.16,2.93,2.56,0.285
1.5,1,22.0,35.4,2.71,2.13,5.83,0.117
2.7,0,105.4,138.8,2.98,41.99,23.89,6.469
2.4,1,66.2,87.2,2.53,34.27,31.04,2.475
1.2,0,26.1,37.3,5.73,95.92,220.16,6.52
1.5,1,25.7,58.7,3.7,98.63,229.98,6.688
1.2,0,99.0,156.7,1.93,44.19,26.79,2.404
2.7,0,38.3,43.9,2.75,30.34,47.59,4.075
1.2,0,114.4,206.8,5.38,37.1,19.45,3.665
1.5,1,72.4,135.7,3.23,31.99,26.51,1.812
1.0,0,90.5,126.6,1.58,42.45,28.16,1.923
1.2,0,54.0,93.3,3.45,21.95,24.38,1.168
1.2,0,60.5,101.5,0.7,50.8,50.35,2.445
2.7,0,16.4,21.9,4.1,4.5,16.48,0.689
2.7,0,29.3,52.6,1.68,7.89,16.17,0.875
2.7,0,77.4,101.2,2.69,90.63,70.29,10.964
1.0,0,50.4,96.7,2.24,10.52,12.53,0.455
1.2,0,70.0,79.4,4.85,3.17,2.71,0.173
2.0,0,78.6,192.4,3.74,48.17,36.77,4.78
2.4,1,102.0,158.3,1.8,27.74,16.32,2.499
2.0,0,22.1,46.7,4.93,30.37,82.39,3.527
1.5,1,93.0,212.5,0.85,5.1,3.29,0.267
2.4,1,101.5,208.6,4.35,73.21,43.29,9.468
1.2,0,57.4,80.4,2.46,29.84,31.19,1.706
2.2,1,99.7,180.8,5.88,29.6,17.82,2.861
1.2,0,23.4,28.7,3.75,60.74,155.75,3.926
1.2,0,92.1,105.3,3.9,76.54,49.88,5.011
2.4,1,25.6,50.0,1.58,26.64,62.42,1.909
2.0,0,104.7,149.0,2.3,22.57,12.93,2.479
1.5,1,99.6,144.9,1.87,59.86,36.05,2.736
1.5,1,28.4,47.0,1.44,26.96,57.06,1.284
2.0,0,18.9,34.9,4.38,35.24,111.92,4.044
2.2,1,96.0,152.8,4.97,33.31,20.82,2.68
1.2,0,62.5,70.1,1.14,20.12,19.32,1.032
2.7,0,109.1,128.8,1.27,72.23,39.74,9.629
2.2,1,29.4,53.2,1.2,48.71,99.47,3.686
2.2,1,50.6,66.1,3.54,75.78,89.86,5.435
1.5,1,69.8,92.0,4.17,61.32,52.71,2.935
1.0,0,45.9,56.0,4.68,32.78,42.84,1.626
2.0,1,23.8,59.3,1.2,9.09,22.91,0.798
2.7,0,58.8,96.3,3.44,84.51,86.3,10.31
1.2,0,58.1,122.6,3.31,94.47,97.52,6.293
2.0,1,45.7,101.4,4.81,36.53,47.95,2.985
1.5,0,40.4,94.0,0.6,73.78,109.57,5.039
1.2,0,119.2,240.0,0.84,53.51,26.94,3.781
1.0,0,87.4,155.2,1.18,23.0,15.78,1.006
2.4,1,62.7,89.9,5.1,78.82,75.44,7.554
1.5,1,58.9,111.4,4.07,36.32,37.01,2.053
1.2,0,15.5,37.0,1.12,11.3,43.86,0.801
1.0,0,113.0,272.7,5.53,55.55,29.5,4.507
2.2,1,91.1,189.3,2.21,11.77,7.75,0.977
1.2,0,33.3,76.3,2.14,60.66,109.17,4.022
2.2,1,75.8,91.3,5.69,37.78,29.92,3.451
1.5,0,94.3,183.9,3.95,64.52,41.05,5.219
2.4,1,30.5,51.9,1.58,4.73,9.3,0.385
2.2,1,102.2,133.1,5.86,61.18,35.91,7.296
2.4,1,19.0,37.3,5.05,17.44,55.03,2.238
2.0,1,77.2,176.5,2.46,12.61,9.8,0.969
2.0,1,33.0,67.1,3.85,65.07,118.34,5.847
2.2,1,55.9,86.0,3.04,40.23,43.2,3.236
2.0,0,100.1,147.4,1.68,82.89,49.7,9.096
2.7,0,75.6,112.2,5.03,2.52,2.0,0.345
1.5,1,106.9,121.6,3.59,23.0,12.91,1.568
2.0,0,42.8,78.2,2.98,3.14,4.41,0.259
1.0,0,77.2,164.4,3.64,8.54,6.64,0.434
1.0,0,56.4,82.9,1.43,70.0,74.51,3.001
2.0,1,54.1,79.4,4.68,77.82,86.28,5.971
1.2,0,114.0,255.9,3.73,26.71,14.06,2.488
1.5,0,65.0,98.5,3.33,18.21,16.8,1.368
1.5,0,112.9,268.5,3.39,73.04,38.83,7.343
1.2,0,73.7,136.0,2.71,17.84,14.52,0.863
1.0,0,45.1,72.8,0.96,7.12,9.48,0.282
2.0,0,25.9,58.0,0.71,66.58,154.25,5.955
1.2,0,26.9,49.6,1.06,87.51,195.56,5.6
2.2,1,27.0,67.5,2.84,36.13,80.2,3.274
2.0,0,73.8,83.5,3.36,40.39,32.82,3.646
2.0,0,92.3,128.8,1.3,33.0,21.46,3.078
1.2,0,58.8,119.3,3.19,52.71,53.79,3.268
2.7,0,69.3,155.6,3.51,6.0,5.2,0.762
2.0,1,45.7,73.2,5.68,71.69,94.07,5.989
1.2,0,111.9,256.6,4.76,40.49,21.72,4.012
2.0,1,101.6,151.0,5.62,37.73,22.29,4.754
1.0,0,93.9,158.9,3.34,38.26,24.44,2.306
2.0,1,19.7,47.5,4.38,75.09,228.28,9.481
1.2,0,94.3,147.2,1.26,41.11,26.16,2.878
1.2,0,79.3,135.3,0.89,49.81,37.7,2.879
1.5,1,106.6,160.3,0.97,93.78,52.8,5.371
2.2,1,69.9,92.3,1.19,20.46,17.57,1.241
2.2,1,30.2,67.5,1.72,72.31,143.68,6.223
2.0,1,40.1,46.4,3.93,57.13,85.51,4.336
2.2,1,72.8,105.6,2.69,43.96,36.22,3.252
1.0,0,108.8,229.2,3.72,69.55,38.37,5.617
1.0,0,40.7,87.3,3.36,28.32,41.76,1.644
1.0,0,98.6,174.0,4.86,37.27,22.69,2.331
2.7,0,35.8,87.6,3.31,73.92,123.79,11.022
2.4,1,21.6,49.0,4.81,20.16,55.98,2.095
1.5,0,67.1,89.7,1.19,93.4,83.53,5.449
1.0,0,40.2,75.6,1.1,93.46,139.47,3.765
1.0,0,115.8,260.4,5.2,18.88,9.78,1.504
1.5,1,42.9,73.6,0.67,77.52,108.38,3.453
1.5,0,36.0,51.3,4.89,57.19,95.35,4.064
1.0,0,35.1,46.8,1.5,67.85,115.96,3.225
2.2,1,91.5,100.6,5.75,81.79,53.64,8.578
1.5,0,73.2,167.0,3.15,22.19,18.18,1.784
1.5,0,31.1,56.2,2.77,87.93,169.81,5.881
2.2,1,65.0,156.4,0.92,51.11,47.17,3.645
1.2,0,54.4,78.3,3.55,80.03,88.24,4.806
1.2,0,17.5,27.3,3.45,91.26,313.54,9.108
2.7,0,76.9,141.8,1.97,90.15,70.36,9.785
2.0,0,62.1,90.5,1.16,11.66,11.27,0.908
2.0,1,62.7,133.4,2.52,3.85,3.69,0.277
1.5,1,58.5,65.6,5.13,52.32,53.65,2.849
1.2,0,62.0,84.6,1.98,54.37,52.58,2.761
2.0,1,41.1,62.7,4.74,34.07,49.74,2.502
1.2,0,118.9,174.5,1.9,77.68,39.2,5.75
2.7,0,81.5,182.1,0.75,31.05,22.86,3.755
2.7,0,45.4,69.6,3.37,67.04,88.67,7.854
1.5,1,100.1,247.0,4.05,29.23,17.52,2.49
1.5,0,114.0,240.6,0.98,84.94,44.7,7.543
1.5,0,101.1,168.5,1.72,52.18,30.96,4.065
1.2,0,75.2,129.6,4.18,63.73,50.83,3.291
1.2,0,114.1,141.2,1.96,50.52,26.57,4.051
2.2,1,21.7,29.4,4.71,50.37,139.08,4.675
2.0,1,51.9,76.3,2.42,71.42,82.57,4.934
1.5,0,78.2,140.0,4.82,94.86,72.76,6.317
1.5,0,37.0,86.6,3.89,44.02,71.35,3.575
1.0,0,117.6,268.3,1.48,90.65,46.24,5.43
1.0,0,61.3,129.0,2.63,22.7,22.21,1.175
1.5,1,77.0,159.6,2.39,70.0,54.56,3.966
2.4,1,95.0,112.2,5.99,75.74,47.84,8.409
1.5,1,56.6,94.5,3.58,24.38,25.85,1.354
2.7,0,23.2,51.2,5.1,17.94,46.37,3.281
1.0,0,34.8,43.8,3.51,71.51,123.28,3.742
1.2,0,99.3,221.7,1.85,62.29,37.65,4.328
2.0,1,35.1,41.1,5.3,9.4,16.06,0.894
1.2,0,58.0,134.9,2.14,3.16,3.27,0.204
2.0,1,90.1,176.6,0.76,88.15,58.71,6.949
2.7,0,50.6,60.7,3.69,72.53,85.99,7.997
2.2,1,54.7,60.8,0.55,47.14,51.71,2.939
1.2,0,87.1,131.7,3.58,31.49,21.69,2.254
2.0,0,25.1,38.0,0.8,60.47,144.66,4.726
2.0,0,85.5,184.2,1.11,47.84,33.59,4.098
1.2,0,95.9,124.4,5.09,2.8,1.75,0.228
1.2,0,76.2,126.7,5.72,78.16,61.53,4.809
2.7,0,21.2,31.5,5.59,36.72,103.67,5.884
2.0,0,46.2,70.0,4.49,24.52,31.82,1.962
2.0,0,26.0,37.2,2.59,48.64,112.37,4.143
2.4,1,74.1,95.5,1.33,79.68,64.54,5.724
2.0,0,30.4,41.4,5.23,27.11,53.57,3.043
1.5,1,47.0,116.9,0.92,66.86,85.33,3.164
1.5,0,66.1,148.0,5.75,92.73,84.12,8.513
2.0,1,48.3,102.1,1.17,18.53,23.04,1.267
1.5,1,117.8,274.7,2.04,12.38,6.31,0.811
2.2,1,31.8,35.3,4.64,12.42,23.43,0.982
2.0,1,60.4,109.0,4.01,31.01,30.8,2.502
2.0,0,102.4,194.5,3.71,22.56,13.22,2.476
2.0,0,37.5,68.5,4.55,56.57,90.4,6.279
1.5,1,114.8,155.1,0.64,5.86,3.06,0.35
1.2,0,88.3,174.3,1.54,48.0,32.61,2.745
1.0,0,37.8,55.1,3.2,96.68,153.33,5.928
2.0,0,22.8,39.9,5.4,11.26,29.56,1.421
2.4,1,91.6,224.4,1.36,24.28,15.91,1.936
1.0,0,61.3,121.8,4.76,5.31,5.2,0.271
1.2,0,37.1,55.9,4.83,17.62,28.5,1.228
1.5,1,30.3,34.7,3.09,95.54,189.24,5.292
1.2,0,50.5,77.4,5.63,26.35,31.32,2.033
1.5,0,68.0,141.2,3.73,83.61,73.78,5.767
1.5,1,84.4,176.8,0.56,45.04,32.01,2.647
1.0,0,101.6,169.0,1.06,8.03,4.74,0.411
2.0,0,50.4,106.1,4.59,6.98,8.31,0.645
1.5,1,57.6,90.5,0.58,17.03,17.75,0.729
2.2,1,68.6,119.2,4.72,66.66,58.28,4.946
2.0,0,92.6,153.3,1.95,38.8,25.14,3.304
2.7,0,40.4,67.0,0.61,77.7,115.4,7.259
1.2,0,66.5,106.5,5.05,4.22,3.8,0.257
2.0,1,92.4,192.2,1.85,90.53,58.78,6.804
1.0,0,104.3,217.8,2.1,18.19,10.46,1.342
1.5,1,44.3,77.9,5.55,39.93,54.12,2.373
1.2,0,77.5,179.9,0.76,39.78,30.79,2.265
1.5,1,87.3,132.0,5.52,29.0,19.94,2.076
2.0,0,16.9,29.0,0.62,49.39,174.89,5.123
2.7,0,24.8,44.9,1.39,42.8,103.49,5.25
2.0,1,48.4,89.3,3.31,95.53,118.46,7.364
1.5,1,111.8,181.4,5.46,91.91,49.33,7.91
2.0,0,73.8,107.6,1.94,5.85,4.75,0.416
2.7,0,20.0,28.1,4.38,78.7,236.23,13.103
1.2,0,55.7,73.8,2.69,58.84,63.34,3.918
2.0,1,65.0,101.2,4.47,9.32,8.6,0.781
1.2,0,62.3,93.5,2.14,39.54,38.08,2.579
1.0,0,26.5,53.6,2.25,77.18,174.84,4.213
1.2,0,39.2,84.0,3.43,81.29,124.26,7.24
1.5,1,68.2,139.1,5.51,51.21,45.08,3.615
1.0,0,105.8,190.5,1.27,23.35,13.24,1.352
2.2,1,30.4,53.9,0.6,73.92,145.83,4.86
2.4,1,90.4,197.0,3.04,71.98,47.75,7.628
1.5,1,116.4,261.9,1.62,20.24,10.43,1.209
1.2,0,103.4,159.2,5.11,44.0,25.53,4.657
1.5,1,80.3,132.8,4.73,43.67,32.63,2.598
2.4,1,102.3,207.1,2.42,67.69,39.69,7.582
2.4,1,112.9,178.8,1.09,50.2,26.67,4.761
1.5,0,118.5,171.3,0.94,8.85,4.48,0.702
1.5,1,112.2,146.4,5.84,94.85,50.74,8.094
2.2,1,81.6,176.6,5.92,19.68,14.48,2.212
1.2,0,33.4,56.5,4.87,47.56,85.32,3.149
2.0,1,18.7,31.2,1.09,90.79,291.88,7.448
1.5,0,113.5,211.0,4.73,10.74,5.68,0.937
1.0,0,17.1,24.9,3.35,3.47,12.16,0.231
1.5,0,75.2,180.1,4.05,42.64,34.03,3.493
2.4,1,36.0,46.2,4.22,56.87,94.78,5.535
2.0,1,41.9,81.0,0.59,27.44,39.26,1.827
1.2,0,41.4,90.7,5.76,70.29,101.75,5.066
1.2,0,67.7,100.5,4.07,72.71,64.46,5.199
2.0,0,35.8,64.2,4.85,48.62,81.41,5.006
1.0,0,84.4,141.3,5.42,17.93,12.74,1.275
1.5,1,20.3,26.7,4.84,37.13,110.01,2.058
1.2,0,97.7,163.3,5.03,68.7,42.21,6.269
1.5,1,104.0,168.0,3.75,51.37,29.63,3.724
2.0,0,70.4,150.0,5.11,95.06,81.02,11.229
1.2,0,73.9,115.6,1.35,85.21,69.22,4.075
2.4,1,84.9,209.6,4.51,65.09,46.01,6.37
2.0,1,110.6,148.7,2.07,52.65,28.55,4.805
2.0,0,77.9,95.4,0.82,38.48,29.64,2.976
1.2,0,75.3,169.6,3.59,96.51,76.87,5.723
1.2,0,85.7,201.2,4.92,20.04,14.03,1.621
2.2,1,100.2,211.2,4.51,11.82,7.08,1.374
2.4,1,38.1,88.0,4.59,42.6,67.05,4.289
1.5,1,112.6,178.1,5.8,91.21,48.58,7.416
1.5,0,53.9,60.6,1.2,75.91,84.57,4.313
2.7,0,113.5,144.4,1.67,4.9,2.59,0.652
1.5,1,17.2,31.4,4.0,24.96,87.33,1.852
1.2,0,119.9,272.2,5.41,82.68,41.36,7.266
1.2,0,15.3,23.4,1.1,48.33,189.2,3.336
2.0,1,101.5,207.9,1.59,9.81,5.8,1.004
2.2,1,24.6,41.8,1.24,91.54,223.34,6.54
2.4,1,68.8,140.5,2.63,26.63,23.22,2.005
1.5,0,48.4,102.3,4.91,79.59,98.58,6.577
1.2,0,74.9,133.2,3.52,50.2,40.2,2.906
1.2,0,26.5,57.0,1.25,8.53,19.3,0.563
1.2,0,112.9,242.8,5.14,48.07,25.54,4.488
2.0,0,114.8,228.2,2.45,61.13,31.94,6.471
2.0,1,115.1,224.6,1.71,48.96,25.53,4.414
2.0,1,62.3,96.9,3.09,82.24,79.21,5.889
1.0,0,30.5,63.7,2.9,26.52,52.22,1.595
1.5,0,33.9,80.7,4.63,93.47,165.49,7.811
2.0,0,82.6,179.1,4.68,88.84,64.52,10.447
2.2,1,66.4,76.1,3.94,42.85,38.7,3.252
1.5,1,25.6,37.5,1.47,4.79,11.24,0.259
2.2,1,16.3,18.7,4.36,29.35,108.26,3.131
2.0,0,43.4,78.4,5.87,62.39,86.31,6.784
2.7,0,51.2,120.4,2.1,57.15,66.96,6.361
1.0,0,29.8,42.1,3.57,76.88,154.89,4.526
2.2,1,53.6,60.9,4.04,89.49,100.14,7.228
1.2,0,109.9,183.9,3.39,48.76,26.62,4.342
2.0,0,70.3,108.5,1.92,5.7,4.86,0.429
2.2,1,88.8,154.0,1.84,87.98,59.45,6.631
1.2,0,108.9,262.5,4.94,64.29,35.43,6.115
2.0,0,28.5,52.3,3.98,58.67,123.32,5.709
1.2,0,76.8,144.3,4.11,50.71,39.62,2.626
2.0,0,90.2,151.8,4.67,24.25,16.13,2.34
1.5,0,51.5,91.8,5.88,96.61,112.46,7.328
1.0,0,46.8,69.0,3.43,61.47,78.86,3.067
2.0,1,50.5,105.2,1.72,27.6,32.81,1.963
1.2,0,81.5,142.4,3.56,29.92,22.02,2.075
2.4,1,24.9,33.4,1.06,62.03,149.51,4.37
2.2,1,16.1,40.0,4.26,65.07,242.4,6.786
2.2,1,102.9,115.5,4.05,44.61,26.01,4.247
2.2,1,80.5,140.5,0.72,3.42,2.55,0.227
1.5,0,86.3,102.8,2.19,30.22,21.02,2.366
1.5,1,56.7,112.1,4.79,78.82,83.34,4.128
2.4,1,103.7,183.9,1.48,48.79,28.22,4.387
2.2,1,98.5,165.9,1.76,24.72,15.05,1.919
2.4,1,62.8,140.4,5.05,42.33,40.44,4.207
2.2,1,28.2,47.5,2.4,50.82,108.17,3.984
1.2,0,17.2,24.4,3.12,43.59,151.84,3.739
1.2,0,87.4,153.6,2.92,45.74,31.39,2.706
2.7,0,55.7,90.6,4.02,50.49,54.36,6.482
1.5,0,16.4,27.8,1.53,4.12,15.07,0.331
1.2,0,108.3,153.5,5.61,72.31,40.06,6.605
1.2,0,40.7,85.6,3.79,22.76,33.54,1.786
1.5,1,116.0,245.0,4.05,73.38,37.95,5.66
1.5,0,117.5,183.7,1.15,57.9,29.57,4.829
2.0,1,88.5,159.6,1.41,71.13,48.21,5.057
2.7,0,91.1,223.4,1.93,3.81,2.51,0.486
2.4,1,85.6,166.9,2.79,39.2,27.49,3.229
2.2,1,105.4,185.8,4.9,58.9,33.54,6.289
1.2,0,59.0,66.3,2.51,28.82,29.31,1.512
1.5,0,91.2,165.5,1.21,75.51,49.65,4.564
2.4,1,17.1,35.5,1.89,5.97,20.95,0.601
2.4,1,16.2,31.2,3.26,87.59,323.71,8.994
1.5,0,46.9,85.5,4.42,92.77,118.56,5.838
1.5,1,56.8,87.1,2.98,39.65,41.9,1.871
1.5,1,90.5,162.5,0.73,59.26,39.29,2.695
1.5,1,52.8,90.0,2.75,38.72,43.96,2.01
1.5,0,85.1,211.6,4.42,18.08,12.75,1.711
2.0,0,21.2,42.9,5.36,58.55,165.47,7.19
1.5,1,117.7,273.5,2.47,6.46,3.29,0.49
2.2,1,44.3,71.6,0.93,71.92,97.36,4.049
1.2,0,39.7,94.3,2.2,97.69,147.46,7.221
1.5,1,35.2,58.0,5.67,43.86,74.66,2.993
1.5,1,89.1,121.8,3.54,26.82,18.06,1.756
1.0,0,97.6,240.4,0.83,81.62,50.18,4.131
1.5,0,106.6,223.5,3.69,10.72,6.03,1.134
2.4,1,41.3,69.5,2.43,86.16,125.31,5.847
2.4,1,29.9,62.4,5.48,44.59,89.43,5.065
2.7,0,15.8,28.3,3.42,21.72,82.26,3.492
2.2,1,64.4,99.4,3.92,65.97,61.48,5.214
2.0,0,81.5,190.2,5.38,95.85,70.52,13.017
1.0,0,49.7,85.8,2.4,35.15,42.45,1.71
1.5,1,53.3,126.2,3.27,47.55,53.5,3.0
1.2,0,33.7,61.3,4.98,78.13,138.98,6.336
2.7,0,41.7,96.2,5.41,21.03,30.26,2.892
1.5,1,47.5,90.1,1.85,50.72,64.06,2.342
1.5,1,72.3,84.7,4.6,51.52,42.78,2.768
2.2,1,80.7,121.2,5.83,61.65,45.81,5.862
1.0,0,117.2,154.0,1.98,59.88,30.66,3.442
2.4,1,98.3,216.3,1.81,30.29,18.48,2.778
1.5,0,73.2,119.7,1.37,64.99,53.3,3.741
2.0,1,62.1,120.5,2.3,78.53,75.92,5.953
1.5,0,93.4,213.5,2.57,31.07,19.96,2.663
2.4,1,85.4,212.3,4.13,73.88,51.91,7.31
2.7,0,62.9,99.5,4.32,76.44,72.94,9.82
1.2,0,31.2,45.9,1.9,62.13,119.58,3.705
2.4,1,15.1,29.3,2.06,88.29,350.67,8.752
2.7,0,63.2,91.8,2.54,3.98,3.78,0.44
1.5,1,70.2,172.8,5.51,17.85,15.27,1.122
2.2,1,52.9,117.2,3.38,58.07,65.91,5.129
2.2,1,86.7,120.6,3.04,91.21,63.14,7.595
1.2,0,66.2,105.7,1.88,70.08,63.55,4.103
1.5,1,20.2,46.2,0.55,93.84,278.83,5.293
2.7,0,29.8,33.9,4.88,60.81,122.35,8.746
2.7,0,70.5,135.8,2.14,5.44,4.63,0.543
1.2,0,21.9,40.4,0.84,77.12,211.08,5.143
2.0,1,82.2,98.1,1.89,81.18,59.29,5.622
2.4,1,96.9,151.4,2.27,56.66,35.08,5.124
2.7,0,113.8,220.7,5.96,10.78,5.68,1.818
1.2,0,105.8,182.4,4.43,87.02,49.35,6.1
2.0,0,104.6,173.4,2.16,79.98,45.87,8.509
2.4,1,24.5,46.2,3.13,12.25,30.01,1.152
1.5,0,32.9,50.6,2.26,66.56,121.24,4.93
2.4,1,46.1,61.0,2.89,41.39,53.83,3.081
2.0,1,22.7,36.9,4.41,3.96,10.49,0.358
1.2,0,27.4,66.8,1.0,24.64,54.01,1.35
2.4,1,70.1,130.5,2.66,32.38,27.72,2.257
2.7,0,103.8,157.3,2.45,90.78,52.49,14.562
2.2,1,83.5,192.0,2.08,20.01,14.37,1.698
2.2,1,64.6,121.1,3.41,33.53,31.15,2.301
2.0,0,38.6,89.9,3.15,57.18,88.84,6.55
2.7,0,41.7,96.0,4.35,55.68,80.17,7.511
1.2,0,21.0,39.6,1.66,94.99,271.99,5.031
1.2,0,57.4,79.8,4.07,87.38,91.34,5.241
2.0,1,71.3,153.6,1.27,36.13,30.39,2.507
1.5,0,56.7,79.2,5.51,93.45,98.87,7.205
2.0,1,26.5,50.5,0.63,40.9,92.5,2.915
2.0,0,70.1,97.6,3.39,56.4,48.24,5.256
1.5,1,47.0,96.5,5.16,69.97,89.41,4.908
2.4,1,95.3,127.2,2.81,49.54,31.19,3.974
2.7,0,37.5,45.2,5.4,85.07,136.05,14.509
1.5,1,56.2,90.3,2.25,89.69,95.74,4.286
1.5,0,34.0,63.1,2.01,73.6,129.94,5.674
2.7,0,20.0,46.8,2.94,59.72,178.82,7.71
2.7,0,40.8,85.0,1.05,91.07,134.07,9.447
1.0,0,34.1,38.1,4.74,87.75,154.59,5.161
2.0,1,114.8,222.4,0.58,36.58,19.12,2.959
1.0,0,61.1,92.8,3.01,8.98,8.81,0.476
2.0,0,19.1,24.4,1.74,81.49,256.59,9.09
2.2,1,116.6,206.3,4.5,38.33,19.72,3.636
1.2,0,20.2,29.7,0.86,38.15,113.15,2.228
1.2,0,91.4,112.6,4.13,33.04,21.68,2.28
1.2,0,95.0,233.9,0.71,29.94,18.91,1.694
1.2,0,86.3,122.8,3.3,89.01,61.9,6.076
1.2,0,32.4,68.8,3.38,98.13,181.82,7.168
1.5,1,78.4,102.2,4.89,85.94,65.77,4.468
2.2,1,66.1,93.5,1.57,18.21,16.54,1.201
2.7,0,94.0,113.8,4.11,3.81,2.43,0.561
2.4,1,69.1,101.3,4.47,33.49,29.07,2.8
1.0,0,94.0,107.4,2.06,50.87,32.46,2.437
2.2,1,113.1,279.1,4.57,26.72,14.17,2.833
1.0,0,76.7,122.3,3.15,60.54,47.36,3.01
2.0,0,96.0,105.9,5.39,28.46,17.79,3.383
1.5,0,98.4,136.1,5.77,51.24,31.25,4.924
2.4,1,85.3,169.3,1.78,89.95,63.29,7.397
2.4,1,50.6,113.7,1.22,18.99,22.52,1.348
2.0,0,51.6,112.0,1.03,36.42,42.34,3.168
2.7,0,77.5,156.6,0.85,18.27,14.14,1.929
1.2,0,77.6,155.3,4.67,13.56,10.49,1.061
2.0,0,114.6,228.1,1.36,72.78,38.09,7.601
2.7,0,66.9,78.7,5.75,14.6,13.1,2.049
2.0,0,68.3,107.9,1.51,12.43,10.93,1.007
1.5,1,21.3,52.1,3.52,80.07,225.7,4.803
2.0,1,108.4,218.1,3.11,85.75,47.45,9.802
2.7,0,69.9,130.7,1.03,14.97,12.85,1.55
1.2,0,113.5,133.3,3.26,38.75,20.49,3.064
2.2,1,62.2,93.4,1.08,76.82,74.13,4.812
1.2,0,78.6,191.0,2.37,12.6,9.61,0.848
2.4,1,35.6,49.4,4.05,84.91,143.06,7.768
1.2,0,80.3,154.2,2.04,91.2,68.12,5.279
1.2,0,102.5,170.9,5.79,9.98,5.84,0.998
1.2,0,55.7,108.0,3.33,70.07,75.52,4.256
1.5,0,39.6,84.2,1.91,19.17,29.03,1.439
1.2,0,52.9,103.5,1.34,8.48,9.63,0.445
1.2,0,115.4,256.2,4.17,54.74,28.47,5.736
1.5,0,78.9,132.3,3.11,42.62,32.4,3.123
2.0,1,15.6,31.4,1.61,89.23,343.18,9.502
1.2,0,21.3,25.9,4.04,47.58,133.89,3.421
1.2,0,16.1,28.5,2.78,12.46,46.55,0.991
1.0,0,75.6,175.5,5.25,38.41,30.49,2.238
2.0,1,20.9,40.3,5.22,49.11,141.07,4.43
1.5,1,84.5,129.7,2.26,35.27,25.05,2.01
1.2,0,51.9,123.0,5.9,36.31,41.95,2.444
2.4,1,34.7,39.7,5.7,92.72,160.55,8.949
2.7,0,73.5,168.6,2.23,53.32,43.53,6.433
2.7,0,110.8,136.3,4.47,15.77,8.54,2.498
1.2,0,31.7,75.7,0.51,89.59,169.74,6.78
1.5,0,63.1,119.7,4.31,60.03,57.1,4.428
2.7,0,46.5,65.1,0.71,6.22,8.02,0.668
1.5,1,99.1,118.8,4.29,19.14,11.59,1.171
2.0,1,52.7,126.4,4.34,27.2,30.95,2.346
1.2,0,111.3,207.7,3.28,23.79,12.82,2.16
2.7,0,82.4,191.7,4.22,36.98,26.94,5.628
2.0,0,115.8,168.5,5.31,92.56,47.95,12.921
2.7,0,18.3,43.0,0.78,67.25,220.97,9.47
1.2,0,63.3,119.9,1.32,47.98,45.45,2.842
1.2,0,66.4,90.8,0.59,42.96,38.84,2.189
2.0,0,81.2,149.6,0.88,96.91,71.61,8.894
2.2,1,114.0,198.9,2.21,50.06,26.36,4.899
2.2,1,95.6,205.4,3.47,86.85,54.52,7.634
2.7,0,51.4,99.6,5.65,18.37,21.46,2.588
2.0,1,24.3,56.1,4.97,5.27,13.0,0.474
2.4,1,23.6,35.9,1.73,56.1,142.65,4.178
1.2,0,116.2,200.0,4.87,3.3,1.7,0.3
2.0,1,28.8,64.7,5.98,34.3,71.48,3.689
2.4,1,55.0,94.4,3.09,77.4,84.45,5.703
2.0,1,82.9,201.8,4.87,5.92,4.29,0.56
1.2,0,71.3,174.2,3.74,3.08,2.59,0.206
1.5,0,43.6,101.4,4.72,37.49,51.58,2.961
1.2,0,81.6,92.5,5.44,52.91,38.91,4.533
1.0,0,18.2,31.1,3.63,87.91,289.94,6.681
1.5,1,27.1,66.0,2.53,65.33,144.88,3.585
1.5,1,102.7,170.4,2.96,85.43,49.89,5.82
2.2,1,93.0,225.7,5.67,39.47,25.48,4.168
2.7,0,109.5,225.9,5.92,77.17,42.28,16.838
1.0,0,36.5,44.4,3.91,16.44,27.05,0.881
1.2,0,105.6,242.3,0.62,61.73,35.09,4.958
1.2,0,40.2,79.1,1.48,76.17,113.81,3.299
1.5,0,85.6,124.3,2.29,83.81,58.77,6.376
2.2,1,51.8,99.0,1.74,8.36,9.69,0.536
2.7,0,103.5,218.0,5.69,69.96,40.54,15.261
1.5,0,54.1,80.7,2.01,19.12,21.21,1.16
2.4,1,81.6,154.7,2.6,33.93,24.96,2.711
2.7,0,44.8,89.3,3.84,17.04,22.84,1.925
1.5,1,80.4,109.6,3.63,74.47,55.6,4.722
2.2,1,113.8,161.4,2.64,61.43,32.38,5.993
1.5,1,111.1,243.1,1.76,4.43,2.39,0.279
1.5,1,34.0,39.2,2.01,83.82,148.07,4.42
1.0,0,60.4,122.9,2.86,45.25,44.96,2.083
1.2,0,25.7,46.0,4.33,28.57,66.7,1.801
2.2,1,114.0,168.0,2.92,80.01,42.11,7.588
2.0,1,102.6,193.1,0.67,47.22,27.6,4.082
2.0,0,63.6,94.8,1.77,87.68,82.76,6.067
1.2,0,85.2,120.9,2.25,96.35,67.87,6.566
2.0,0,77.5,190.7,5.91,58.81,45.5,5.823
1.5,1,17.6,28.7,5.43,28.91,98.5,2.268
1.0,0,72.3,113.8,1.88,60.19,49.94,2.362
1.5,1,112.9,166.0,1.32,10.82,5.75,0.643
2.0,1,29.6,44.9,2.05,61.22,124.21,5.312
1.2,0,42.6,61.4,5.81,2.81,3.96,0.194
2.7,0,20.6,40.4,0.76,62.05,180.64,6.744
1.5,1,48.4,90.7,4.52,6.15,7.63,0.289
2.4,1,102.6,157.2,2.76,36.07,21.09,3.297
1.5,0,72.6,91.6,0.63,7.01,5.79,0.437
2.2,1,118.7,209.3,4.91,74.2,37.5,7.208
2.2,1,114.9,278.4,4.79,61.01,31.85,6.733
1.5,1,82.2,179.3,5.23,3.3,2.41,0.254
2.4,1,114.2,175.8,2.93,13.23,6.95,1.399
2.0,0,102.6,133.0,5.38,73.52,43.01,9.259
1.2,0,63.6,84.0,3.75,74.81,70.55,4.632
2.7,0,32.8,53.7,5.29,37.59,68.68,6.362
1.2,0,61.0,139.0,3.78,73.0,71.82,5.016
1.5,0,43.8,84.7,4.9,15.07,20.67,0.953
2.0,1,93.9,180.8,4.73,44.03,28.14,4.123
2.0,0,94.0,226.7,0.98,56.67,36.17,5.049
1.0,0,111.8,269.0,1.83,80.23,43.06,4.898
1.5,0,62.3,133.4,3.07,24.32,23.44,1.724
1.2,0,47.9,78.2,0.6,73.02,91.45,3.373
1.5,0,77.8,133.1,5.89,36.91,28.47,2.912
2.7,0,83.5,163.4,4.83,26.88,19.31,3.905
1.2,0,43.3,74.8,5.36,97.11,134.67,7.174
2.4,1,59.2,134.8,3.75,20.8,21.08,1.86
2.0,1,103.8,157.3,4.85,11.75,6.79,1.307
1.0,0,58.7,89.6,5.59,38.82,39.7,2.296
1.5,1,43.0,93.2,1.91,45.73,63.84,2.272
2.0,1,77.4,149.1,4.26,38.25,29.64,2.931
1.5,0,99.9,128.1,5.8,64.21,38.58,6.138
1.2,0,49.9,117.8,1.04,13.48,16.21,0.678
2.0,1,61.6,109.5,5.07,89.81,87.46,7.689
1.2,0,56.3,127.0,1.97,29.2,31.12,1.792
1.5,0,118.5,147.1,2.83,32.1,16.25,2.945
1.0,0,40.0,48.5,3.95,34.96,52.5,2.08
1.0,0,86.8,127.3,4.05,85.16,58.9,4.8
1.5,0,37.6,94.0,2.88,70.89,113.05,5.279
1.0,0,91.2,140.5,5.06,61.13,40.2,3.867
1.5,1,75.6,100.6,2.72,35.66,28.31,1.671
1.5,0,65.7,158.7,2.12,42.74,39.05,3.125
2.7,0,51.5,126.2,3.19,12.94,15.08,1.694
1.5,1,47.4,110.8,4.22,35.41,44.84,2.05
2.7,0,107.8,142.7,2.37,34.85,19.41,4.701
1.2,0,112.8,181.1,2.68,19.06,10.14,1.315
2.0,1,29.8,62.4,5.2,69.21,139.3,6.89
1.2,0,89.8,145.1,2.35,26.74,17.86,1.635
1.0,0,36.0,44.4,1.16,78.74,131.21,3.66
1.2,0,104.4,247.3,3.29,60.22,34.61,6.21
2.7,0,62.5,77.6,0.9,47.3,45.44,4.542
2.4,1,68.5,165.9,3.52,95.41,83.61,7.859
2.0,1,103.4,180.9,4.69,53.41,30.99,5.273
1.5,1,66.5,102.6,2.35,35.06,31.64,1.55
2.0,0,19.9,25.0,2.39,60.2,181.67,6.439
1.5,1,99.9,182.7,4.48,37.9,22.77,2.063
1.2,0,28.4,69.0,3.65,31.95,67.45,2.692
2.7,0,41.3,97.2,4.43,64.68,93.9,8.817
1.5,0,50.2,115.8,3.39,53.78,64.29,4.431
2.0,0,50.3,76.1,5.3,80.1,95.56,8.034
1.0,0,88.6,129.4,5.57,14.67,9.93,0.914
1.2,0,88.8,208.6,4.0,93.9,63.41,6.283
1.5,1,103.0,236.7,5.07,80.3,46.76,6.806
2.0,0,97.5,151.1,0.71,91.94,56.58,7.268
2.2,1,101.0,121.0,4.85,60.98,36.22,6.265
2.7,0,94.9,168.8,2.39,43.0,27.2,5.906
2.7,0,23.1,30.2,4.35,4.2,10.9,0.622
2.4,1,80.5,142.8,2.7,98.65,73.54,8.853
2.2,1,108.0,252.8,0.63,39.52,21.96,3.687
2.4,1,16.7,37.5,2.48,58.88,211.09,6.083
1.2,0,95.0,161.6,0.8,18.52,11.69,1.005
2.4,1,46.4,106.7,5.99,63.7,82.42,6.679
2.7,0,47.1,97.6,5.73,9.55,12.17,1.284
2.4,1,93.6,232.9,2.68,42.77,27.43,3.708
1.0,0,75.8,122.0,0.94,88.92,70.42,3.482
1.5,0,44.6,99.9,1.15,76.1,102.29,4.399
2.7,0,44.4,84.2,4.75,92.94,125.72,10.621
2.0,1,32.6,41.3,1.49,97.08,178.4,7.277
1.2,0,67.0,83.7,2.4,16.54,14.81,1.038
1.5,0,119.7,194.5,3.79,85.91,43.08,7.345
1.2,0,57.9,80.4,2.72,9.44,9.78,0.514
1.5,1,47.7,60.6,5.26,50.36,63.35,2.998
1.2,0,117.3,160.7,5.02,57.06,29.2,4.719
1.2,0,67.2,112.2,4.34,90.61,80.96,5.494
1.2,0,107.3,243.2,5.61,46.95,26.26,4.723
1.0,0,47.3,117.2,4.98,18.14,23.01,0.899
1.2,0,21.4,50.0,4.43,5.6,15.72,0.399
1.5,1,37.6,62.4,3.29,81.4,129.76,5.215
2.0,0,114.1,208.2,0.91,82.02,43.12,8.807
2.2,1,60.3,119.9,1.91,7.11,7.08,0.401
1.0,0,69.0,153.0,5.8,16.82,14.63,0.941
2.7,0,35.5,41.2,1.38,39.64,67.0,4.303
2.4,1,117.4,244.9,4.42,11.28,5.76,1.402
1.5,0,75.8,129.0,4.03,82.18,65.06,5.078
1.2,0,34.2,60.1,5.3,24.05,42.2,2.065
2.7,0,119.7,262.4,2.1,29.23,14.65,4.934
1.5,0,75.7,139.1,1.38,72.11,57.17,4.288
2.0,0,116.4,281.3,1.57,17.84,9.2,1.861
1.2,0,38.3,60.5,4.75,57.9,90.69,3.495
1.5,0,84.0,143.6,4.84,82.16,58.71,6.207
2.7,0,40.4,58.3,5.33,21.5,31.91,3.07
2.7,0,119.9,272.8,4.57,87.33,43.7,15.98
1.2,0,42.4,52.5,3.89,44.6,63.09,2.511
2.4,1,118.1,140.3,5.47,81.78,41.54,9.567
2.2,1,45.2,106.1,5.34,76.25,101.14,7.167
2.2,1,70.9,113.3,4.86,76.3,64.61,6.192
2.4,1,89.3,158.1,3.72,98.89,66.46,9.283
2.2,1,17.2,34.0,3.96,98.72,344.59,10.154
1.5,1,64.1,73.5,1.83,17.15,16.04,0.803
1.0,0,29.5,37.4,4.35,2.6,5.27,0.148
2.4,1,26.7,38.4,2.14,56.92,128.07,4.702
1.5,1,51.8,89.1,0.85,79.98,92.72,3.297
1.2,0,65.5,123.4,5.0,69.8,63.98,4.805
1.5,1,86.5,145.7,4.36,76.12,52.79,4.823
2.0,0,38.9,48.3,2.78,85.94,132.6,8.411
1.5,1,111.6,265.6,5.94,87.66,47.15,8.401
2.0,1,103.4,233.0,1.77,11.65,6.76,1.223
2.7,0,62.3,96.7,5.21,60.17,57.96,8.153
2.4,1,74.4,89.9,1.39,40.03,32.29,2.501
1.5,0,69.4,144.7,5.4,91.76,79.35,7.44
1.0,0,42.4,91.3,2.54,18.99,26.85,0.881
2.2,1,90.8,226.1,1.22,6.83,4.51,0.561
1.2,0,103.7,161.9,0.98,71.09,41.12,4.442
1.5,1,104.0,159.4,1.58,55.72,32.16,3.24
2.2,1,42.1,90.5,1.02,33.43,47.69,2.247
1.5,0,103.4,176.1,2.71,4.78,2.77,0.421
1.5,1,43.9,57.0,0.52,54.15,74.05,2.169
1.5,1,60.1,147.4,4.48,42.36,42.32,2.197
2.0,1,25.5,33.7,5.78,5.7,13.39,0.626
2.2,1,116.6,289.2,3.52,8.93,4.59,1.002
1.5,0,23.4,33.7,4.76,53.81,137.96,4.607
2.7,0,106.3,183.8,5.89,96.06,54.21,16.909
2.7,0,104.0,145.1,3.93,9.12,5.26,1.577
2.7,0,111.1,173.4,4.38,68.22,36.83,11.73
2.0,0,21.3,45.9,3.61,45.89,128.99,4.964
1.0,0,50.6,109.2,3.49,87.93,104.35,4.878
1.2,0,94.0,130.9,1.58,64.97,41.47,4.116
1.2,0,79.1,167.9,5.96,68.52,51.98,5.35
2.2,1,49.6,99.8,4.66,75.45,91.22,6.237
1.0,0,38.8,43.6,3.66,22.82,35.32,1.235
1.2,0,82.9,199.2,2.86,34.48,24.95,2.92
2.0,0,81.9,201.5,0.88,42.96,31.48,3.821
2.4,1,57.5,133.6,1.54,55.69,58.16,3.695
2.2,1,18.4,35.3,3.55,35.97,117.3,3.551
1.2,0,45.3,89.7,3.61,61.99,82.04,4.173
2.4,1,81.6,178.0,2.29,74.57,54.84,7.419
1.5,1,33.6,78.0,4.59,66.62,118.94,4.315
1.2,0,117.8,261.2,2.16,85.06,43.31,6.959
1.0,0,60.9,149.7,5.75,77.78,76.57,5.229
2.0,1,109.0,156.0,2.4,75.79,41.7,7.151
1.5,0,51.6,89.6,3.77,97.45,113.21,6.452
1.2,0,38.8,74.1,3.68,22.28,34.47,1.809
2.0,0,43.6,64.7,1.12,13.18,18.13,0.946
2.7,0,99.5,195.1,1.05,59.56,35.92,6.784
2.7,0,33.4,58.9,4.07,4.77,8.57,0.594
1.0,0,92.4,190.8,2.83,92.48,60.08,4.904
2.0,0,77.6,117.3,0.58,9.61,7.43,0.696
1.2,0,76.3,127.0,5.71,26.16,20.57,1.784
1.5,0,79.5,183.2,4.64,56.23,42.45,4.125
2.0,0,22.9,36.3,3.88,84.08,220.37,8.051
1.2,0,56.2,102.1,4.95,56.26,60.11,4.011
2.0,0,72.7,122.1,0.9,71.98,59.37,5.548
1.0,0,101.2,119.7,5.48,20.51,12.16,1.482
2.0,0,76.8,118.0,2.97,80.96,63.23,6.15
2.7,0,116.8,210.7,1.47,66.55,34.19,9.838
1.0,0,16.3,38.5,3.7,36.48,134.1,2.659
2.0,1,68.4,170.3,5.91,64.23,56.31,6.084
1.2,0,15.5,31.8,3.52,34.43,133.1,2.83
2.0,0,35.6,63.3,4.82,49.58,83.65,4.901
1.0,0,42.0,96.2,2.46,24.5,35.01,1.155
1.5,1,37.3,65.7,5.83,77.64,124.98,5.658
1.0,0,95.0,109.8,5.65,11.32,7.14,0.758
2.4,1,24.5,30.9,0.68,12.24,29.97,0.884
2.2,1,96.5,194.0,1.67,38.73,24.08,2.76
1.0,0,77.6,119.5,3.59,54.28,41.99,2.89
1.0,0,58.2,126.1,1.05,78.13,80.6,3.489
1.0,0,32.7,72.2,4.07,57.84,106.12,3.415
2.4,1,112.7,235.4,2.31,40.29,21.46,4.599
2.2,1,79.9,193.6,4.06,23.17,17.4,1.999
1.5,0,58.9,88.8,4.71,76.87,78.34,5.052
2.0,0,54.9,128.6,2.72,63.22,69.14,6.108
2.7,0,41.9,98.4,3.2,60.72,86.9,7.367
2.2,1,36.6,56.2,2.19,30.32,49.71,2.382
1.2,0,108.3,168.9,2.83,67.61,37.45,4.319
2.0,0,86.4,137.5,2.23,69.05,47.97,6.102
1.2,0,56.9,99.3,5.49,89.61,94.43,7.347
1.5,1,29.7,57.2,1.61,79.43,160.28,4.197
2.0,1,110.8,152.0,3.87,98.59,53.41,11.093
1.0,0,51.0,63.6,1.54,51.05,60.09,2.252
2.4,1,51.7,118.2,5.7,86.74,100.57,7.844
1.0,0,31.4,69.2,0.85,21.02,40.2,1.142
1.0,0,38.7,72.2,5.75,50.68,78.55,3.208
2.0,0,96.2,125.4,3.05,77.93,48.59,7.707
1.5,0,20.3,39.6,1.34,83.4,246.83,5.322
2.2,1,115.2,263.8,5.73,57.66,30.03,6.741
2.4,1,93.8,111.6,4.43,53.68,34.32,5.334
2.0,1,93.5,114.9,1.93,56.05,35.95,4.118
1.0,0,101.5,236.6,4.25,55.02,32.52,4.462
1.0,0,84.7,196.4,5.05,37.29,26.43,2.707
1.0,0,15.4,22.5,3.46,54.22,211.39,3.9
1.2,0,71.8,98.0,1.53,58.5,48.92,2.889
2.0,1,117.8,237.6,5.34,22.97,11.7,3.251
1.2,0,33.7,37.2,5.19,72.07,128.13,5.531
2.4,1,88.6,213.5,4.16,27.98,18.95,2.871
2.7,0,63.2,122.0,1.97,65.3,62.02,7.165
1.2,0,21.6,36.6,0.59,33.19,92.13,1.77
2.2,1,117.8,179.7,1.96,14.68,7.47,1.241
1.0,0,79.7,105.0,3.67,82.97,62.46,3.769
2.2,1,47.4,110.3,4.8,3.51,4.45,0.308
1.5,0,52.6,64.2,4.51,87.37,99.62,6.554
1.5,1,98.7,197.5,4.8,44.34,26.95,2.982
1.0,0,29.4,54.9,3.83,71.14,145.41,4.238
1.2,0,86.2,160.7,2.71,44.22,30.79,2.428
2.2,1,24.3,54.9,5.19,23.54,58.18,2.293
1.2,0,37.2,61.4,0.85,24.17,38.98,1.635
1.2,0,69.2,143.9,1.02,62.87,54.5,4.162
2.4,1,83.8,155.8,4.71,84.33,60.35,8.234
2.0,1,47.1,95.9,4.38,93.83,119.43,7.551
2.0,0,36.2,83.5,2.27,98.98,164.27,9.504
1.5,1,52.8,131.3,4.81,9.0,10.22,0.555
2.0,1,78.4,92.3,5.13,65.52,50.13,5.597
1.2,0,102.0,252.2,2.28,25.1,14.77,1.887
1.5,1,83.6,98.2,2.22,16.64,11.95,0.93
1.5,1,71.4,163.4,0.77,89.14,74.92,4.405
2.0,0,114.3,160.6,1.91,11.89,6.24,1.214
2.4,1,64.4,72.6,4.53,42.93,40.03,3.452
1.5,0,79.4,146.3,4.26,64.46,48.73,4.758
1.2,0,96.8,140.1,4.23,90.42,56.07,6.773
1.5,0,109.5,164.1,5.45,14.82,8.12,1.593
1.0,0,66.9,102.8,3.27,17.85,16.0,0.869
2.2,1,55.7,69.2,4.91,91.68,98.71,7.229
1.5,0,110.2,132.3,3.99,69.07,37.6,6.437
2.2,1,66.4,109.4,0.99,63.3,57.19,3.953
2.0,1,88.0,150.9,3.54,56.65,38.61,4.819
1.2,0,64.4,105.9,5.01,46.21,43.04,3.538
1.0,0,113.3,247.8,1.34,19.07,10.1,1.086
2.0,0,44.3,105.0,4.07,10.01,13.56,0.907
2.0,1,106.8,225.2,4.04,57.38,32.24,6.891
1.5,0,47.5,68.3,2.47,91.64,115.69,5.847
2.0,0,45.1,70.0,3.6,29.29,38.95,2.393
1.5,1,37.6,79.4,4.96,42.37,67.59,2.934
2.7,0,117.6,174.3,1.37,7.1,3.62,0.909
1.5,1,32.4,44.9,4.31,91.87,170.18,5.396
2.4,1,20.0,23.7,5.68,85.29,255.78,9.436
2.4,1,15.8,29.4,4.87,28.09,106.51,3.211
2.2,1,60.7,112.2,5.62,12.53,12.39,1.134
2.7,0,65.8,92.5,3.82,56.74,51.73,6.645
1.5,0,50.4,108.5,2.12,76.8,91.47,5.571
2.7,0,38.4,49.1,2.92,89.0,139.08,10.701
1.0,0,111.7,223.0,1.45,68.91,37.0,3.82
1.2,0,38.9,96.6,3.58,70.17,108.24,5.466
1.5,0,56.0,83.8,4.53,12.65,13.57,0.911
1.0,0,90.8,117.8,5.32,19.74,13.05,1.353
2.0,0,48.2,96.3,2.9,11.06,13.75,0.976
1.2,0,20.9,38.4,0.96,84.05,241.08,5.492
1.5,1,109.9,260.4,4.34,92.77,50.65,7.635
1.2,0,38.2,59.6,1.7,40.35,63.32,2.236
2.0,1,33.1,48.4,3.07,24.84,44.99,2.251
1.2,0,23.8,26.3,0.66,57.21,144.44,3.847
1.0,0,108.9,157.7,1.0,75.5,41.58,3.971
1.0,0,26.6,59.5,5.06,80.59,181.62,5.995
1.5,0,102.9,166.9,5.31,22.91,13.36,2.302
1.5,0,80.2,135.3,3.87,76.64,57.37,6.099
1.5,0,113.2,171.9,2.48,72.33,38.34,6.275
2.0,0,54.5,95.6,2.81,19.47,21.44,1.721
2.0,1,36.7,47.8,1.16,63.52,103.95,4.242
1.5,1,72.0,159.7,0.7,98.43,82.05,4.665
1.2,0,45.7,61.5,4.85,95.63,125.46,5.37
1.2,0,93.7,139.3,2.6,38.73,24.79,2.583
1.0,0,21.1,43.8,0.79,82.07,233.44,4.607
2.2,1,109.1,136.6,3.1,75.53,41.54,7.818
2.0,1,46.3,54.5,0.51,11.91,15.45,0.813
1.5,0,59.8,108.8,1.31,56.0,56.16,2.973
1.5,0,104.7,261.7,2.25,16.59,9.5,1.639
1.5,0,26.6,42.4,1.45,38.58,86.94,2.494
1.5,0,83.9,200.3,2.7,20.85,14.9,1.582
2.7,0,40.2,94.4,5.84,79.06,118.05,11.84
1.5,1,114.0,266.6,0.96,52.63,27.69,3.211
2.0,1,107.1,196.8,2.34,22.37,12.54,2.272
1.0,0,37.8,59.3,5.78,52.97,84.0,3.358
2.2,1,104.6,173.6,4.51,54.06,31.02,5.834
2.4,1,73.5,98.4,5.81,53.64,43.81,4.88
1.5,0,85.0,158.5,1.63,76.0,53.67,5.298
2.4,1,98.4,241.0,0.9,28.3,17.25,2.186
1.2,0,115.1,253.0,4.13,52.73,27.48,4.177
2.0,0,66.1,112.1,2.84,87.44,79.33,6.976
1.5,0,16.2,37.8,1.99,5.82,21.62,0.548
2.0,1,77.6,147.8,4.97,79.06,61.12,6.598
2.4,1,75.3,113.6,2.71,76.94,61.31,5.353
1.2,0,70.9,171.4,4.25,65.27,55.25,4.989
1.5,1,113.6,193.2,2.47,45.17,23.85,2.928
1.5,0,99.1,171.7,5.0,54.3,32.89,4.144
2.0,0,53.5,105.4,0.86,53.96,60.51,4.318
2.4,1,85.7,96.5,4.66,28.0,19.6,2.478
1.5,1,88.0,167.7,1.54,61.13,41.66,2.77
1.5,1,47.7,82.2,1.16,13.75,17.28,0.625
2.0,1,51.0,127.3,0.52,4.71,5.54,0.356
1.2,0,83.0,107.1,3.74,57.64,41.67,4.145
2.0,1,40.0,72.1,5.59,81.87,122.96,7.91
2.0,0,31.9,63.3,0.79,30.74,57.84,2.839
1.2,0,68.7,84.5,5.56,35.71,31.18,2.897
1.5,0,109.5,138.5,2.21,78.29,42.91,6.7
2.0,0,22.9,28.7,2.61,94.14,247.0,9.162
1.5,0,118.9,211.1,3.65,62.36,31.46,6.107
1.5,0,53.7,59.8,4.29,98.09,109.58,7.353
2.7,0,119.4,254.3,1.69,84.97,42.68,12.403
1.5,1,48.7,105.7,5.78,29.06,35.77,1.781
1.5,1,76.1,176.1,5.74,68.18,53.74,4.445
2.0,0,60.4,88.1,5.36,13.03,12.94,1.35
1.5,1,52.8,89.2,1.04,6.15,6.99,0.277
1.5,1,61.6,122.5,5.05,43.91,42.75,2.65
2.2,1,36.8,87.5,1.46,83.77,136.56,6.16
1.5,1,112.4,187.7,5.99,58.76,31.37,4.23
2.0,1,40.8,77.9,2.8,18.25,26.81,1.205
2.2,1,117.3,188.4,3.81,61.78,31.61,6.331
2.2,1,85.8,142.9,5.24,19.74,13.8,1.933
1.5,0,43.5,107.6,1.99,69.89,96.3,4.176
2.0,1,43.7,58.4,3.16,70.78,97.28,5.181
1.2,0,25.4,54.9,3.78,28.89,68.25,2.316
1.5,0,32.8,41.0,5.49,99.77,182.32,8.256
2.2,1,117.6,138.0,2.44,44.01,22.45,4.349
1.5,1,96.3,202.0,3.99,39.95,24.89,2.852
2.0,1,114.4,131.0,0.75,35.76,18.75,2.858
1.0,0,76.1,139.3,2.32,55.16,43.5,2.76
1.2,0,112.9,147.4,4.31,91.32,48.53,8.221
2.0,1,32.9,76.2,2.67,92.64,168.8,8.895
2.7,0,75.3,85.7,1.95,71.61,57.09,7.415
2.0,1,15.4,36.1,0.87,95.4,370.49,9.065
2.0,1,115.2,239.2,3.47,52.03,27.09,5.574
2.0,1,85.6,205.1,4.99,31.44,22.03,3.038
2.0,0,40.4,47.9,1.49,14.2,21.11,1.139
1.5,0,88.9,134.9,4.67,22.15,14.96,1.762
2.7,0,110.3,130.4,3.74,57.05,31.02,9.539
1.2,0,91.2,201.3,2.09,39.97,26.29,3.169
2.0,1,46.2,81.3,1.01,6.5,8.44,0.387
2.7,0,112.6,176.8,0.87,43.32,23.09,5.724
2.4,1,53.4,88.4,5.02,9.94,11.18,0.862
1.2,0,31.1,66.5,2.46,59.01,113.94,3.597
1.0,0,67.6,96.3,3.48,23.54,20.89,1.212
1.5,0,85.9,114.9,1.54,92.8,64.82,5.528
1.2,0,37.0,51.0,5.67,76.63,124.18,5.888
1.5,1,118.1,259.5,5.43,45.0,22.86,3.714
1.5,0,74.9,108.6,2.21,85.3,68.34,5.473
2.7,0,101.9,115.6,4.21,93.38,55.0,14.332
1.5,0,117.4,287.3,1.79,11.83,6.05,0.933
1.0,0,56.9,89.5,2.9,64.0,67.54,2.711
2.0,0,65.8,139.5,2.93,35.19,32.09,3.024
2.0,0,109.1,247.8,0.76,94.88,52.16,9.662
2.4,1,93.4,145.3,4.18,72.25,46.41,6.755
1.2,0,86.9,118.3,3.49,98.67,68.12,7.462
1.2,0,49.3,66.2,3.81,71.79,87.35,3.952
2.7,0,78.1,101.6,5.46,19.1,14.66,2.502
2.4,1,80.2,114.7,3.57,95.78,71.64,9.479
2.2,1,74.3,159.5,2.95,94.6,76.39,7.618
2.0,1,15.1,23.5,1.71,97.18,385.12,9.176
2.7,0,24.7,45.1,1.67,54.57,132.3,6.696
2.0,0,81.5,151.5,5.6,93.33,68.67,10.76
1.5,1,34.6,68.9,3.25,12.12,21.03,0.683
2.0,1,60.9,129.4,4.26,29.49,29.04,2.598
2.7,0,62.0,125.4,0.78,50.34,48.74,5.312
1.2,0,102.4,178.5,4.24,65.88,38.61,4.614
1.0,0,58.8,125.8,5.21,32.38,33.07,1.961
1.5,1,41.0,67.2,0.8,81.37,119.05,3.88
2.2,1,60.8,112.9,1.59,44.21,43.62,2.764
1.2,0,42.4,98.1,4.04,3.99,5.65,0.262
1.5,0,39.2,86.6,3.75,24.52,37.51,2.118
1.2,0,54.1,83.6,3.92,18.1,20.07,1.106
2.2,1,81.0,155.8,3.45,79.01,58.55,6.891
1.0,0,63.1,119.5,5.45,97.05,92.31,5.606
1.5,1,50.2,92.5,4.12,9.79,11.69,0.51
1.0,0,47.4,92.5,1.52,63.44,80.29,2.471
1.2,0,53.4,89.0,3.55,93.93,105.48,5.608
2.4,1,72.6,128.8,0.75,2.71,2.24,0.198
1.5,0,87.1,151.9,3.61,70.02,48.22,5.817
2.0,0,34.3,78.2,1.17,23.07,40.31,1.962
1.0,0,36.6,43.9,4.49,52.08,85.42,3.116
2.4,1,94.2,226.8,1.71,83.96,53.46,7.35
1.2,0,98.7,156.4,4.76,27.72,16.86,1.759
2.0,0,36.4,86.1,2.02,43.26,71.3,4.194
2.2,1,96.7,222.3,2.9,39.06,24.22,3.565
2.4,1,94.3,133.7,5.39,39.98,25.45,4.201
2.7,0,99.0,198.6,0.52,26.86,16.28,3.394
1.2,0,102.4,115.5,1.12,99.08,58.02,6.089
1.2,0,17.9,21.3,4.54,33.55,112.53,3.035
1.2,0,70.6,161.1,1.79,45.36,38.53,2.212
2.4,1,50.1,88.1,0.65,11.01,13.2,0.761
2.0,0,35.2,77.8,0.69,98.29,167.68,9.883
1.2,0,97.0,241.3,3.42,68.91,42.63,5.506
1.2,0,114.2,196.6,4.14,69.48,36.51,6.718
1.5,0,54.5,130.7,1.02,38.34,42.23,2.511
1.2,0,40.7,73.7,0.68,65.4,96.31,3.148
1.2,0,72.9,161.5,2.33,60.08,49.43,3.458
1.2,0,35.4,47.0,1.64,51.87,87.9,3.065
2.2,1,112.4,164.2,1.98,42.31,22.58,3.387
2.0,0,114.0,232.4,4.36,13.98,7.36,1.984
1.2,0,23.7,56.5,2.72,40.58,102.57,3.013
2.0,1,34.6,80.0,2.65,39.37,68.2,3.367
2.7,0,64.2,149.3,0.79,89.14,83.24,9.254
1.5,0,76.2,142.7,5.23,11.95,9.42,0.894
1.0,0,88.9,188.5,5.43,7.16,4.83,0.473
1.2,0,24.5,44.7,0.85,36.93,90.27,2.407
2.7,0,65.8,147.4,5.75,24.57,22.4,3.469
2.0,0,104.3,135.9,0.66,93.49,53.78,9.399
2.0,1,83.8,161.8,1.05,99.53,71.23,7.237
1.5,0,31.1,40.1,1.62,77.14,148.61,4.862
1.0,0,57.6,136.3,1.38,4.8,5.01,0.238
1.2,0,59.3,141.7,5.34,46.78,47.32,3.79
1.2,0,40.6,47.6,5.67,20.3,30.02,1.43
2.4,1,110.4,152.2,4.59,88.74,48.21,9.736
1.2,0,47.5,111.1,2.14,75.13,94.95,4.753
1.0,0,26.5,45.0,0.6,5.29,11.96,0.253
2.7,0,103.7,201.6,3.0,41.98,24.28,6.23
2.2,1,20.1,46.6,2.8,56.86,169.94,4.472
2.2,1,72.0,137.5,4.38,27.94,23.27,1.979
2.0,0,82.7,155.6,4.04,62.06,45.01,6.622
1.2,0,69.6,142.9,2.97,25.68,22.15,1.554
2.4,1,72.4,136.1,4.48,39.41,32.65,3.038
2.0,1,41.2,80.5,4.28,48.18,70.14,4.011
1.2,0,41.7,50.1,4.6,76.28,109.72,4.793
2.4,1,24.4,36.7,5.85,56.73,139.23,5.723
2.4,1,108.0,191.6,4.34,7.12,3.96,0.774
1.5,1,44.9,73.9,0.5,47.73,63.75,2.07
2.4,1,62.1,99.9,5.97,57.98,56.02,5.19
2.0,0,100.0,157.6,2.64,76.08,45.66,6.52
1.0,0,60.2,115.2,4.67,28.07,27.99,1.513
2.0,0,117.6,260.5,2.77,16.83,8.59,2.153
2.4,1,34.9,48.7,3.56,79.13,136.12,7.01
1.2,0,25.7,33.5,5.24,41.1,95.82,2.837
1.5,1,115.2,286.4,4.94,20.44,10.65,1.493
2.2,1,112.2,211.1,1.88,22.22,11.88,1.738
2.0,0,110.5,249.6,1.4,87.37,47.44,9.173
1.5,1,86.4,208.6,4.01,37.69,26.17,2.462
2.2,1,28.7,44.7,3.68,68.29,142.63,6.2
1.2,0,30.3,73.9,0.92,11.39,22.54,0.685
1.0,0,65.6,77.3,5.88,79.48,72.72,4.462
1.5,1,66.3,75.4,4.39,40.09,36.3,2.105
1.2,0,95.7,212.8,5.34,93.89,58.89,7.491
1.5,0,98.0,203.5,5.98,3.34,2.04,0.317
1.2,0,95.7,162.6,5.01,78.92,49.48,6.335
1.5,1,87.8,127.4,1.89,63.63,43.48,3.348
1.2,0,42.6,91.2,5.88,60.3,85.0,4.563
2.0,0,18.8,36.5,2.64,89.2,283.97,9.772
2.0,0,27.9,62.3,0.55,32.63,70.06,2.858
2.0,0,100.8,128.2,1.51,95.18,56.64,10.17
1.5,0,41.0,100.9,2.68,60.7,88.93,3.98
1.2,0,18.6,32.7,2.69,15.41,49.6,1.368
1.0,0,85.5,145.8,1.14,12.08,8.47,0.608
2.2,1,92.4,118.3,3.32,29.35,19.05,2.36
1.2,0,91.4,206.8,1.19,15.27,10.03,1.143
2.0,1,98.0,135.4,2.76,60.88,37.26,4.631
1.5,0,22.6,52.5,3.38,42.01,111.59,3.505
2.2,1,102.5,149.1,2.32,51.04,29.89,4.277
2.0,0,74.8,136.4,4.1,53.7,43.09,4.514
1.5,0,69.2,109.6,4.2,95.2,82.56,6.509
2.0,0,83.7,104.2,1.89,92.06,65.97,8.109
2.0,0,19.1,21.4,2.92,26.79,84.37,3.168
2.4,1,112.8,211.3,4.33,60.48,32.18,6.039
1.2,0,27.9,40.6,4.97,62.62,134.66,4.394
2.7,0,54.6,130.5,0.7,85.9,94.42,8.94
2.0,0,35.8,41.8,1.1,53.42,89.53,4.786
1.0,0,92.3,221.2,2.96,18.97,12.32,1.0
1.0,0,93.3,184.5,2.79,96.55,62.07,5.328
2.0,0,17.5,35.2,1.66,70.25,240.53,7.709
1.2,0,34.3,70.3,4.7,44.08,77.18,3.416
1.5,1,44.3,54.5,1.66,25.4,34.41,1.196
2.0,1,59.9,110.5,5.44,99.77,99.98,9.13
1.0,0,97.6,239.1,4.39,9.82,6.03,0.609
1.5,1,53.1,96.1,2.49,78.78,89.0,4.125
1.5,0,95.8,202.2,5.8,93.21,58.4,9.573
1.5,1,17.8,42.1,2.36,74.93,252.09,5.805
1.2,0,35.5,68.9,2.33,2.9,4.9,0.192
2.7,0,56.7,70.5,5.1,55.93,59.23,7.839
2.0,1,16.0,24.0,1.16,12.08,45.26,0.999
2.0,0,34.9,56.0,5.24,43.59,74.97,5.429
2.7,0,37.2,55.9,5.51,51.28,82.69,7.593
1.2,0,66.1,145.9,5.54,40.06,36.35,2.887
2.4,1,99.0,244.8,5.62,74.22,44.98,8.777
2.4,1,42.9,59.7,5.69,3.89,5.45,0.383
1.2,0,101.0,150.2,2.43,23.24,13.8,1.672
2.7,0,84.0,94.3,0.85,11.77,8.4,1.331
2.4,1,23.1,31.6,2.27,43.1,111.75,3.703
1.5,1,57.9,106.2,1.24,4.55,4.71,0.184
2.4,1,102.5,227.9,1.05,93.53,54.76,8.538
1.0,0,110.7,124.7,4.09,39.67,21.51,2.77
1.0,0,36.0,40.6,3.59,47.6,79.42,2.823
2.2,1,118.4,257.9,5.81,52.4,26.56,6.532
2.2,1,109.1,165.9,1.5,45.68,25.11,3.657
2.2,1,43.9,101.4,3.84,2.02,2.77,0.177
1.5,0,77.3,98.0,2.29,57.17,44.4,3.369
2.2,1,30.4,74.8,4.51,26.52,52.32,2.629
1.5,0,26.5,35.7,0.73,81.31,184.33,5.398
2.0,1,116.7,241.9,4.46,57.14,29.37,7.193
1.0,0,60.7,101.2,2.53,83.04,82.12,3.544
2.7,0,97.2,147.3,3.6,26.44,16.32,3.88
1.5,1,102.1,198.4,1.53,55.12,32.39,3.095
1.2,0,93.7,112.5,3.07,19.19,12.29,1.366
1.2,0,82.8,132.4,4.21,73.47,53.22,5.847
1.0,0,37.7,67.6,4.66,53.07,84.44,2.921
1.0,0,64.1,133.7,2.2,32.9,30.82,1.513
2.0,0,31.0,72.7,4.53,56.97,110.15,6.053
2.4,1,68.7,136.8,4.13,30.32,26.48,2.251
2.4,1,112.3,125.1,1.86,12.19,6.51,1.156
2.7,0,102.4,238.9,3.84,86.35,50.59,13.896
1.5,0,24.7,51.9,0.88,50.64,122.92,3.641
2.4,1,106.4,142.4,2.44,77.87,43.91,6.985
2.0,1,96.7,238.5,1.69,15.8,9.81,1.295
1.5,1,23.1,33.8,1.02,32.89,85.37,1.768
2.7,0,74.0,126.3,3.02,97.02,78.66,11.168
1.0,0,16.9,21.6,3.23,47.17,167.37,3.44
1.2,0,82.7,162.4,1.78,55.15,40.01,3.328
1.0,0,75.2,185.6,1.8,36.82,29.39,1.606
1.2,0,112.2,127.2,0.78,95.96,51.3,6.876
1.2,0,55.8,70.7,0.94,17.34,18.63,0.915
2.2,1,88.7,220.0,2.93,52.78,35.72,4.61
2.4,1,77.9,160.9,4.28,71.07,54.76,6.03
1.5,1,89.0,123.5,5.42,93.0,62.69,6.875
1.5,0,43.5,79.0,1.47,81.01,111.61,4.989
2.0,0,60.5,130.8,1.04,5.94,5.89,0.509
2.0,1,68.9,116.8,5.4,44.1,38.41,3.867
1.2,0,46.5,69.9,4.9,29.2,37.7,2.076
2.4,1,60.3,136.3,3.1,83.27,82.83,7.664
2.0,1,32.5,73.6,2.47,46.59,86.13,3.788
2.0,0,95.9,215.7,4.34,69.83,43.69,7.862
2.2,1,41.0,58.3,5.72,4.71,6.9,0.369
2.2,1,62.2,128.4,0.88,86.27,83.22,6.26
1.2,0,19.2,27.5,2.56,19.89,62.09,1.557
2.7,0,71.0,147.3,4.76,6.21,5.24,0.808
2.4,1,23.8,32.3,3.12,66.05,166.29,5.646
2.2,1,81.9,191.5,4.23,82.25,60.29,7.903
1.2,0,61.0,133.4,4.46,14.4,14.17,0.823
2.7,0,18.9,30.7,4.95,95.94,305.17,15.7
2.0,1,118.6,277.8,2.76,38.42,19.43,3.884
2.7,0,29.5,37.9,1.13,25.57,52.01,2.827
2.0,0,97.5,169.7,0.71,50.24,30.93,4.621
1.5,0,118.2,263.6,4.4,68.36,34.71,7.082
1.2,0,59.5,80.9,2.5,14.65,14.78,0.761
2.0,0,24.7,29.1,4.91,27.42,66.69,2.849
1.5,1,17.3,20.0,5.05,61.55,213.3,5.082
2.7,0,22.9,40.1,5.94,77.42,202.47,13.13
2.0,1,114.9,277.2,0.57,18.89,9.87,1.925
2.7,0,101.6,231.9,4.2,31.85,18.8,5.148
1.0,0,84.4,158.0,1.64,35.35,25.13,1.727
2.0,1,100.5,201.4,2.51,31.8,18.98,3.022
2.0,1,16.1,34.9,1.09,13.45,50.13,1.365
1.5,0,96.2,112.8,0.71,44.12,27.52,2.646
2.0,0,36.8,54.0,2.88,13.96,22.77,1.198
2.4,1,79.1,111.9,3.87,63.57,48.22,5.324
2.7,0,101.9,202.3,3.56,15.08,8.88,2.339
2.7,0,25.4,41.5,4.73,71.28,168.08,8.932
2.2,1,24.3,60.5,5.44,4.07,10.05,0.465
2.4,1,52.1,109.8,2.93,66.21,76.22,5.171
1.2,0,108.1,156.5,5.1,46.96,26.07,3.891
1.2,0,108.9,195.5,3.49,95.74,52.76,9.283
1.5,1,82.1,109.9,5.23,54.14,39.58,3.589
1.5,1,27.0,57.7,4.74,96.96,215.44,6.75
2.0,1,104.5,260.2,4.99,85.48,49.08,10.075
1.5,1,76.4,107.1,5.39,99.35,77.99,5.349
2.0,0,69.1,142.9,0.93,80.92,70.28,6.118
1.5,1,23.5,44.2,0.57,42.37,108.38,1.938
2.4,1,19.2,43.6,1.65,34.17,106.83,3.768
2.0,0,38.0,45.6,4.44,40.29,63.62,4.338
1.5,0,51.3,88.9,4.62,90.42,105.69,5.642
1.2,0,44.6,92.1,5.49,95.96,129.05,7.166
1.0,0,81.2,195.5,4.66,12.14,8.97,0.726
1.2,0,105.2,148.2,1.35,91.16,52.0,6.374
1.5,1,97.5,235.8,5.32,22.45,13.82,1.666
2.0,0,69.1,132.3,3.06,70.75,61.46,6.564
1.5,1,118.2,139.9,3.18,77.86,39.54,5.101
1.2,0,39.1,78.3,2.34,92.12,141.4,6.291
2.0,1,34.3,51.4,2.79,36.66,64.17,3.007
2.0,0,33.3,62.9,5.52,96.9,174.81,11.491
2.7,0,74.9,128.8,3.53,13.34,10.68,1.569
2.2,1,90.8,107.7,3.08,83.11,54.95,7.098
1.2,0,51.5,105.7,1.95,43.83,51.05,2.244
1.5,0,88.4,139.6,2.88,16.05,10.89,1.083
1.0,0,29.8,41.9,3.15,6.16,12.42,0.352
1.2,0,119.0,277.4,0.75,43.46,21.91,3.294
2.0,0,24.4,51.9,5.97,82.28,202.16,10.524
1.2,0,84.1,117.6,1.14,42.71,30.48,2.558
2.2,1,31.4,45.6,0.99,28.63,54.76,2.168
2.0,1,81.3,147.9,4.4,40.3,29.76,3.833
1.2,0,103.0,144.9,2.43,4.02,2.34,0.311
2.2,1,109.3,168.1,3.73,68.57,37.64,6.444
1.2,0,63.8,116.2,2.33,29.11,27.4,1.835
1.0,0,48.0,65.7,4.17,58.3,72.91,2.808
2.0,1,105.7,162.7,1.85,75.68,42.96,5.956
1.2,0,54.4,127.1,5.73,72.21,79.62,5.099
1.5,1,37.9,70.5,2.54,70.35,111.27,3.851
1.5,1,18.1,20.4,3.34,49.46,164.35,3.571
2.4,1,97.8,152.9,3.45,15.44,9.47,1.431
1.0,0,73.1,146.7,2.65,50.86,41.76,2.757
1.5,0,80.8,98.1,5.34,7.05,5.23,0.632
1.5,0,57.5,133.6,3.39,4.18,4.36,0.329
2.2,1,73.7,177.4,2.18,6.77,5.51,0.53
2.2,1,54.0,122.1,1.55,81.1,90.11,5.752
1.5,1,46.8,60.1,2.61,21.96,28.17,1.08
2.7,0,75.2,144.2,2.53,36.55,29.18,4.156
2.4,1,72.1,126.9,1.98,7.49,6.23,0.49
2.2,1,47.3,87.3,1.24,93.4,118.56,6.298
1.2,0,98.3,162.9,5.9,35.86,21.9,2.583
2.4,1,111.1,254.9,3.69,52.99,28.61,6.838
1.2,0,116.8,149.0,1.38,68.32,35.1,4.428
1.5,1,21.5,50.4,5.28,37.01,103.26,2.963
1.5,1,112.2,162.3,5.2,92.21,49.33,7.894
1.2,0,26.1,64.9,1.84,21.46,49.36,1.516
1.5,0,96.0,175.1,3.85,72.93,45.56,5.205
1.0,0,107.8,121.2,2.73,92.77,51.62,5.572
1.2,0,21.9,50.3,5.28,48.26,132.52,3.936
2.4,1,92.5,136.2,0.59,49.01,31.77,4.027
1.2,0,116.7,230.7,2.62,15.05,7.73,1.04
2.0,0,108.4,198.8,3.45,32.27,17.86,3.838
1.5,0,85.8,119.6,5.1,30.41,21.28,2.529
2.0,1,110.5,156.5,1.54,62.46,33.91,5.744
1.2,0,39.1,45.1,3.9,14.84,22.76,0.945
2.2,1,41.8,74.3,3.26,25.44,36.56,1.942
2.0,1,110.1,166.4,4.64,23.47,12.79,2.452
2.4,1,15.1,23.2,2.03,40.56,160.75,3.857
2.2,1,65.9,154.7,2.13,93.29,84.92,6.985
1.5,1,100.1,170.0,4.36,44.59,26.73,3.089
2.7,0,92.4,174.6,5.38,67.22,43.65,10.744
2.0,1,75.8,168.2,4.83,37.72,29.84,3.526
2.4,1,91.6,196.9,1.58,47.9,31.36,4.332
1.0,0,37.0,62.3,5.24,22.87,37.08,1.447
1.5,1,87.5,185.9,0.74,68.23,46.8,3.688
1.2,0,95.2,107.6,3.4,26.53,16.73,1.877
2.0,1,96.3,187.8,0.62,93.24,58.1,7.175
2.2,1,77.6,122.8,2.05,9.22,7.13,0.69
2.7,0,108.4,185.6,0.91,94.77,52.45,13.87
2.4,1,74.3,89.4,3.15,89.78,72.52,6.735
2.7,0,56.6,108.7,5.56,40.66,43.11,5.017
2.0,0,23.1,32.0,4.44,81.27,211.33,8.229
1.5,0,44.1,82.6,1.13,94.39,128.37,5.168
1.2,0,78.5,129.5,1.15,78.52,59.99,3.637
2.4,1,68.9,147.0,5.49,92.26,80.39,9.198
1.5,0,42.9,103.4,3.02,14.5,20.29,1.079
2.0,0,76.1,180.6,2.62,92.8,73.17,8.571
1.2,0,96.2,218.8,2.52,76.56,47.75,5.058
1.0,0,115.7,244.6,5.36,92.06,47.76,7.708
1.5,1,62.5,95.0,3.64,16.7,16.04,0.921
1.5,1,106.6,166.9,1.23,81.53,45.89,4.952
1.2,0,67.8,147.6,5.33,12.17,10.76,0.841
1.5,1,67.7,156.3,4.19,84.56,74.91,4.611
2.0,1,66.8,92.9,1.4,6.15,5.53,0.401
1.5,1,52.9,69.0,2.33,46.62,52.87,2.244
1.5,0,94.9,164.5,4.86,77.36,48.92,6.305
1.0,0,76.3,134.9,3.52,21.41,16.85,1.081
1.5,1,83.3,112.4,0.78,68.93,49.62,3.275
2.0,0,93.4,176.3,0.96,20.19,12.97,1.623
1.2,0,41.9,85.5,5.77,77.42,110.75,6.52
1.5,0,118.4,207.8,5.27,85.18,43.18,8.891
1.0,0,35.2,72.7,2.0,83.54,142.24,4.037
1.2,0,25.9,48.1,2.23,28.6,66.31,1.773
2.7,0,53.5,107.1,5.71,6.04,6.78,0.973
2.0,1,109.9,156.4,0.97,7.44,4.06,0.697
1.2,0,71.1,80.3,1.37,64.89,54.73,3.761
1.5,1,21.9,38.5,4.14,77.06,210.96,4.581
1.5,0,96.5,117.5,5.4,48.23,30.0,4.488
1.2,0,105.9,138.8,0.57,12.78,7.24,0.932
1.5,1,40.2,49.8,4.31,4.85,7.24,0.259
1.0,0,53.3,86.7,3.27,9.58,10.77,0.496
2.0,1,38.6,57.5,1.49,90.35,140.45,6.26
2.4,1,85.3,150.0,2.61,13.68,9.62,1.095
1.2,0,73.2,93.5,2.96,57.85,47.39,3.094
2.0,1,82.1,142.9,2.7,60.1,43.9,4.896
1.5,1,85.3,97.0,3.06,7.65,5.38,0.43
2.7,0,100.3,142.0,3.39,14.55,8.7,2.344
1.0,0,30.4,66.1,4.59,90.53,178.42,5.163
2.0,0,111.8,188.3,5.25,12.75,6.84,1.659
1.5,1,74.7,86.0,3.32,61.73,49.55,3.022
1.0,0,82.4,200.4,1.64,71.76,52.23,3.965
1.0,0,118.4,281.3,0.66,77.53,39.29,4.423
1.5,1,57.4,88.6,5.64,79.42,83.04,4.302
1.0,0,111.9,135.8,4.29,24.22,12.99,1.483
1.2,0,54.2,65.5,3.78,65.43,72.41,3.644
1.2,0,67.9,139.4,1.86,60.85,53.76,3.538
2.0,0,86.5,133.4,4.54,34.37,23.82,3.25
1.2,0,31.7,37.0,1.58,59.03,111.76,3.987
2.4,1,119.8,212.7,4.93,80.89,40.51,9.481
2.7,0,49.3,74.2,3.38,9.76,11.87,1.081
1.2,0,69.7,103.8,1.66,10.6,9.12,0.548
1.2,0,37.5,70.2,5.89,9.2,14.72,0.651
2.0,0,101.4,223.1,5.4,57.17,33.81,8.238
2.0,1,72.0,143.4,3.37,44.54,37.11,3.236
1.5,0,57.1,126.5,4.7,15.13,15.89,1.047
1.5,0,105.1,124.1,3.4,54.86,31.33,5.445
1.5,0,42.7,97.0,4.01,41.78,58.64,3.448
2.7,0,15.6,18.2,1.31,36.19,138.97,5.401
1.2,0,59.4,109.0,3.54,40.13,40.52,2.942
2.2,1,63.1,102.6,3.68,44.99,42.8,3.048
1.2,0,72.1,127.1,5.75,17.27,14.38,1.215
1.5,0,100.0,243.4,2.49,16.89,10.13,1.522
1.5,1,35.7,77.0,4.03,92.51,155.69,6.451
1.2,0,99.0,197.9,4.18,83.56,50.63,5.572
2.7,0,113.3,175.0,1.36,9.24,4.89,1.306
1.2,0,58.0,95.9,5.75,91.83,95.03,6.52
2.2,1,66.0,110.3,4.08,36.9,33.53,3.024
2.7,0,79.6,129.4,2.67,54.89,41.37,5.539
1.0,0,57.2,101.4,5.86,35.75,37.51,2.07
2.0,0,88.3,182.5,2.29,78.99,53.7,8.794
1.5,1,80.7,133.0,5.94,48.93,36.39,3.123
1.0,0,107.1,141.8,3.51,36.16,20.26,2.408
1.2,0,22.1,55.1,4.34,17.9,48.59,1.168
1.0,0,45.3,96.8,0.66,39.33,52.05,1.769
2.0,1,85.2,137.9,1.67,88.72,62.44,7.216
2.0,1,72.4,114.2,2.02,34.9,28.93,2.546
1.5,1,76.6,159.2,3.39,83.8,65.68,4.361
2.4,1,60.3,96.4,2.36,35.03,34.83,2.328
1.5,0,15.4,32.4,5.09,40.71,159.09,4.899
1.2,0,81.0,140.1,0.93,67.63,50.11,4.008
2.2,1,55.0,119.5,3.79,92.85,101.21,7.504
2.0,1,20.2,26.0,0.95,84.62,251.73,5.664
1.2,0,91.2,127.7,4.8,16.46,10.83,1.076
2.2,1,86.3,153.9,0.72,66.3,46.08,5.091
1.5,1,112.2,157.7,4.31,71.31,38.13,5.447
2.4,1,113.9,229.8,1.77,26.67,14.05,2.623
1.5,1,81.3,149.0,2.26,16.15,11.91,0.898
1.5,0,59.9,96.5,4.91,53.89,53.99,3.832
2.0,1,27.3,49.1,4.87,65.98,145.14,5.559
2.7,0,92.1,137.9,2.25,32.38,21.1,4.299
1.0,0,20.2,38.0,0.61,12.14,35.98,0.564
1.5,0,57.0,73.2,2.42,79.53,83.65,5.126
2.0,1,113.2,214.1,3.86,8.76,4.64,0.982
1.0,0,19.3,45.0,0.87,87.02,270.45,5.463
1.2,0,88.6,100.3,5.24,17.45,11.82,1.509
1.5,0,102.1,117.2,2.29,96.01,56.44,8.88
1.5,0,52.7,99.7,1.81,98.89,112.62,5.652
2.0,0,108.9,155.1,1.54,24.36,13.42,2.64
1.5,0,32.8,73.6,2.53,30.79,56.32,2.609
2.7,0,109.3,216.6,4.57,83.97,46.09,12.392
2.7,0,23.0,46.3,3.4,20.05,52.3,3.276
2.0,0,72.4,176.3,1.51,61.39,50.89,4.714
2.4,1,24.9,34.1,0.54,19.77,47.6,1.464
1.2,0,51.0,105.2,3.24,20.69,24.32,1.314
2.0,1,63.3,86.8,2.17,62.85,59.6,4.395
1.0,0,39.7,47.7,3.74,88.83,134.4,4.97
2.2,1,95.4,155.6,3.13,20.24,12.73,1.673
2.4,1,52.4,104.6,0.69,69.68,79.76,4.671
2.7,0,54.3,95.0,3.85,2.64,2.91,0.347
1.2,0,21.4,50.7,4.85,24.44,68.4,2.017
1.2,0,118.4,271.7,5.62,79.3,40.2,8.755
1.2,0,36.8,48.4,3.51,92.16,150.06,6.652
2.7,0,58.7,89.2,0.77,74.94,76.65,7.863
2.4,1,82.6,119.0,0.62,81.25,59.04,6.218
1.0,0,25.7,30.5,2.42,80.86,188.77,4.619
1.5,0,92.6,205.4,1.62,31.91,20.67,2.304
2.0,1,37.4,55.2,1.78,52.47,84.08,3.754
2.0,0,106.8,202.7,5.33,21.2,11.91,2.671
1.0,0,25.5,45.3,0.77,50.96,119.89,2.321
2.4,1,56.8,78.9,3.53,12.85,13.57,0.985
1.5,1,62.9,75.8,0.57,61.66,58.86,2.448
2.4,1,15.4,30.2,2.84,14.45,56.37,1.423
1.2,0,93.4,129.1,2.38,96.73,62.12,5.936
1.2,0,37.1,81.4,4.27,68.74,111.3,5.021
1.5,1,90.3,182.5,3.64,99.74,66.25,7.216
1.2,0,62.8,109.7,2.86,54.08,51.67,3.155
2.7,0,99.6,211.5,3.05,33.75,20.33,5.234
1.2,0,107.8,135.0,2.86,47.54,26.46,4.297
1.5,1,35.4,81.6,1.89,64.08,108.58,3.288
1.0,0,94.0,164.0,2.86,89.94,57.4,4.54
1.0,0,113.6,253.7,5.01,21.13,11.16,1.639
1.2,0,18.9,41.2,5.1,21.53,68.27,2.338
2.4,1,56.5,139.9,1.85,38.88,41.29,2.738
1.2,0,77.7,163.5,2.96,87.61,67.64,5.91
1.2,0,80.3,140.4,5.65,40.41,30.18,2.929
1.0,0,70.3,114.2,5.94,31.61,26.97,1.699
2.7,0,48.7,109.4,0.55,2.36,2.91,0.273
2.0,1,97.8,235.0,1.15,24.73,15.17,2.182
2.4,1,97.4,143.8,4.09,30.52,18.81,2.856
2.2,1,27.8,51.9,0.57,51.12,110.36,3.819
2.2,1,58.0,66.1,1.66,44.38,45.95,2.729
1.2,0,26.5,46.2,5.66,24.81,56.24,1.94
1.5,0,15.0,35.1,0.61,76.27,304.4,6.526
1.2,0,87.0,181.8,1.78,88.31,60.91,5.36
2.4,1,43.4,93.7,3.66,6.75,9.31,0.582
2.7,0,97.4,232.8,2.57,51.61,31.81,6.985
2.0,0,19.1,41.1,5.72,36.17,113.66,5.214
1.5,0,89.0,182.5,3.87,16.33,11.01,1.512
1.2,0,25.0,28.9,3.01,82.93,198.69,6.121
1.2,0,116.1,152.6,5.92,66.16,34.19,6.637
2.0,1,26.2,39.6,3.53,8.27,18.92,0.683
2.0,1,62.1,125.4,4.6,46.49,44.93,3.629
2.7,0,25.2,35.6,5.44,98.01,233.8,15.665
2.7,0,39.5,74.5,5.68,52.2,79.4,7.477
1.2,0,41.5,68.5,4.05,44.78,64.66,2.431
2.2,1,50.8,74.1,5.34,55.75,65.83,4.502
2.7,0,100.2,132.2,1.66,37.87,22.69,5.501
1.2,0,40.7,81.7,3.91,82.44,121.54,5.657
1.2,0,17.9,37.1,5.78,19.09,64.08,1.819
2.2,1,26.9,31.6,3.85,72.1,160.75,6.061
2.0,0,89.7,146.6,5.51,29.18,19.53,3.158
2.4,1,106.1,234.5,3.66,10.2,5.77,1.157
2.0,0,76.6,165.9,1.5,18.62,14.58,1.627
1.5,0,62.5,79.9,4.91,57.42,55.13,4.254
2.0,1,113.8,267.4,3.67,93.52,49.29,10.372
2.2,1,50.6,76.8,0.73,5.19,6.16,0.31
2.7,0,73.4,131.5,2.75,26.72,21.84,2.881
1.2,0,45.6,104.5,3.02,4.35,5.73,0.273
2.7,0,56.2,96.3,4.88,11.18,11.93,1.256
1.2,0,112.2,260.7,2.38,33.93,18.15,2.394
2.0,0,63.2,149.9,1.42,2.95,2.8,0.22
1.5,0,18.5,33.4,2.23,19.69,63.87,1.819
1.0,0,66.8,112.5,1.23,18.02,16.18,0.727
1.2,0,67.5,155.1,3.73,29.13,25.89,2.093
1.2,0,28.1,51.7,2.6,15.52,33.17,1.025
1.2,0,42.8,60.4,1.58,14.8,20.74,0.766
1.2,0,40.9,59.0,5.76,47.25,69.26,2.752
1.5,0,26.0,59.0,2.75,27.76,64.05,2.24
1.5,0,96.8,227.0,5.6,25.34,15.71,2.435
1.5,1,45.2,112.0,0.73,98.93,131.28,4.303
1.5,0,108.3,123.0,2.73,5.08,2.81,0.42
1.5,0,74.4,155.3,4.58,69.43,55.97,5.066
1.2,0,29.9,43.8,3.5,25.28,50.69,2.007
1.5,1,114.6,144.6,2.34,33.32,17.45,2.001
1.2,0,23.8,33.3,0.94,98.08,246.86,5.82
1.2,0,75.3,110.7,4.17,37.43,29.84,2.158
1.2,0,55.0,115.9,5.36,2.51,2.74,0.193
2.0,1,111.6,168.5,2.28,8.46,4.55,0.829
1.0,0,84.0,194.8,5.41,65.09,46.47,4.655
2.0,0,117.9,182.5,4.59,54.13,27.55,6.637
1.5,1,116.3,221.0,5.66,2.74,1.42,0.221
1.2,0,108.5,233.4,5.81,96.08,53.14,10.114
1.2,0,18.1,44.5,1.72,48.32,160.39,3.233
2.0,0,49.1,112.9,3.85,68.02,83.16,6.373
2.0,0,36.8,68.6,5.93,79.62,129.71,10.06
2.0,0,66.4,137.8,1.11,45.23,40.87,3.913
1.2,0,84.3,169.7,1.4,27.06,19.27,1.548
1.2,0,37.1,85.7,2.8,75.53,122.25,5.053
1.5,0,100.0,191.9,2.65,12.74,7.64,1.167
1.5,0,105.6,169.4,4.02,92.38,52.47,7.956
1.5,0,91.5,228.3,4.88,35.5,23.27,3.326
2.2,1,103.3,223.8,2.45,99.68,57.89,10.043
1.0,0,54.5,124.0,5.81,44.68,49.2,2.798
1.2,0,22.8,31.5,1.01,8.19,21.58,0.428
1.2,0,23.9,47.1,5.35,36.44,91.41,3.176
2.2,1,23.0,50.4,0.88,56.56,147.4,4.246
1.5,1,119.0,257.0,5.1,58.05,29.26,5.436
1.5,1,79.3,192.8,5.0,87.16,65.94,5.044
2.7,0,107.4,265.4,3.22,40.28,22.51,7.138
2.0,1,82.8,96.2,3.48,3.7,2.68,0.347
2.2,1,104.1,228.0,4.48,70.67,40.72,7.966
1.2,0,50.5,126.1,5.04,88.62,105.34,7.95
1.5,1,41.2,63.6,5.8,81.4,118.56,4.313
1.2,0,54.6,98.8,3.4,89.1,97.94,5.798
2.7,0,61.3,131.6,5.62,90.94,88.95,12.308
2.7,0,47.1,61.7,2.83,96.49,122.8,10.426
1.5,1,108.9,266.8,3.13,12.19,6.72,0.999
2.4,1,31.6,58.4,5.81,17.34,32.95,1.683
1.5,1,46.2,88.7,2.92,31.61,41.02,1.381
2.0,1,96.7,181.3,4.06,34.03,21.12,2.824
2.7,0,59.2,134.3,3.12,98.8,100.09,12.884
2.2,1,71.6,108.8,1.97,23.33,19.56,1.552
2.0,0,89.5,206.1,5.93,26.45,17.74,3.132
1.2,0,110.5,191.1,2.04,15.8,8.58,1.352
1.2,0,27.9,45.7,5.08,36.09,77.52,2.823
1.5,1,118.9,243.5,5.45,77.94,39.31,6.847
1.0,0,51.6,98.9,5.29,28.33,32.94,1.473
1.5,0,119.5,144.1,5.65,30.37,15.25,3.282
2.4,1,77.3,144.0,1.85,89.33,69.35,5.491
2.7,0,82.8,106.2,4.44,98.1,71.1,14.362
1.5,1,79.8,152.1,1.49,44.4,33.37,1.87
1.2,0,40.4,71.2,5.66,79.34,117.7,5.574
1.5,0,90.5,135.1,4.43,56.4,37.37,4.099
2.7,0,82.1,191.3,5.79,86.01,62.86,13.395
1.0,0,36.0,67.0,2.92,40.23,66.98,2.194
2.7,0,50.6,84.8,1.03,25.12,29.8,2.287
2.0,0,16.5,25.7,2.25,75.39,274.06,8.281
2.0,1,97.6,233.6,3.8,20.34,12.5,2.104
1.5,1,21.7,50.5,5.04,35.95,99.44,2.705
1.2,0,81.0,178.8,1.44,22.77,16.86,1.611
2.2,1,72.9,143.1,5.49,72.11,59.32,6.322
2.0,0,34.0,68.2,5.96,63.01,111.25,7.231
2.4,1,29.2,65.6,4.55,77.5,159.08,7.421
1.0,0,25.2,36.7,4.15,68.02,161.87,3.765
1.2,0,55.7,61.3,1.39,88.5,95.27,3.98
2.7,0,30.7,49.6,2.78,63.61,124.4,8.714
1.2,0,40.6,55.6,3.26,44.11,65.21,3.075
1.2,0,16.3,39.7,4.88,20.82,76.41,1.754
2.2,1,110.1,157.3,1.59,2.64,1.44,0.232
2.0,0,17.4,26.3,3.57,92.77,319.78,10.625
2.0,0,46.7,109.6,4.71,38.23,49.09,3.489
1.0,0,80.2,133.9,2.23,98.58,73.73,5.161
1.5,0,33.6,37.6,2.8,67.24,119.96,4.867
1.2,0,115.7,210.7,5.91,7.68,3.98,0.791
1.2,0,25.3,55.8,5.04,5.26,12.5,0.416
1.2,0,16.8,27.6,4.1,26.93,96.36,2.125
1.5,0,15.4,24.0,2.58,94.62,369.57,7.837
1.5,1,36.2,47.7,3.15,53.87,89.27,3.522
1.2,0,27.8,48.4,1.23,53.29,114.92,3.055
1.5,0,19.3,39.4,2.4,3.72,11.59,0.343
2.0,0,79.8,107.0,2.77,49.28,37.07,3.983
1.5,1,110.4,184.9,2.62,70.69,38.42,4.117
1.5,0,62.7,146.0,5.43,25.39,24.32,2.025
2.2,1,77.0,101.1,1.85,30.77,23.98,1.965
1.0,0,68.1,136.9,5.76,76.95,67.79,4.671
2.0,0,67.4,112.9,0.93,89.45,79.59,6.29
1.0,0,77.9,134.0,3.78,30.51,23.51,1.591
2.4,1,62.7,120.9,3.44,94.04,89.97,7.863
2.0,0,38.1,58.5,0.89,50.99,80.3,4.669
1.5,1,24.8,59.8,5.05,86.04,208.28,6.908
2.0,0,55.3,108.1,3.26,72.42,78.54,5.994
1.0,0,85.9,185.0,1.85,68.04,47.55,3.259
1.2,0,76.8,125.3,2.33,85.86,67.12,5.641
2.2,1,32.8,69.5,1.81,35.56,65.1,2.85
1.2,0,54.7,122.6,1.49,10.06,11.03,0.509
2.7,0,112.3,179.2,4.48,31.5,16.83,4.593
2.7,0,83.0,203.6,3.31,98.71,71.36,14.392
1.5,1,79.8,194.2,2.21,58.9,44.27,3.38
1.2,0,85.7,115.7,3.21,37.97,26.59,2.894
2.0,0,79.3,134.6,1.81,38.16,28.89,2.879
1.2,0,75.1,89.9,3.54,58.42,46.68,3.148
1.2,0,80.4,117.7,3.7,25.61,19.11,1.943
2.0,1,18.9,29.3,2.01,41.88,132.84,4.545
2.0,0,61.1,125.4,1.1,96.21,94.46,8.231
1.5,1,81.6,182.1,5.1,58.63,43.11,3.934
2.0,1,55.2,108.1,4.98,4.58,4.98,0.351
2.4,1,49.4,122.4,2.52,53.62,65.16,4.627
2.0,1,66.6,81.7,1.38,39.54,35.64,2.375
1.5,1,111.3,235.6,0.91,41.48,22.36,2.412
2.0,0,35.3,81.7,1.07,2.14,3.64,0.199
1.0,0,110.4,202.4,3.84,99.66,54.17,6.456
2.0,0,115.1,153.0,1.72,17.17,8.95,1.649
1.5,1,104.3,121.8,3.28,70.46,40.53,5.006
2.7,0,38.4,74.8,1.03,47.7,74.48,5.415
2.0,1,19.6,31.5,2.59,80.92,248.32,8.286
2.4,1,69.8,136.2,2.6,98.77,84.89,7.54
1.5,1,96.3,160.2,4.47,69.03,43.02,4.526
2.7,0,72.9,141.7,5.99,21.72,17.87,2.945
2.0,0,64.2,107.8,3.68,27.21,25.44,2.348
2.4,1,88.2,180.3,1.9,78.41,53.32,6.289
1.2,0,109.8,195.2,3.66,50.2,27.42,4.728
1.5,0,45.8,79.2,1.76,37.4,49.02,1.933
1.5,0,69.1,155.9,0.92,36.15,31.41,2.419
2.4,1,109.8,146.5,3.12,62.77,34.29,6.91
2.0,0,114.4,183.3,1.27,33.92,17.78,3.073
2.2,1,113.8,264.0,3.31,57.39,30.26,5.76
2.4,1,69.3,79.2,4.71,83.87,72.59,6.87
2.2,1,39.1,51.6,3.95,90.28,138.58,8.127
2.0,0,86.4,170.3,4.36,78.95,54.81,8.091
2.0,1,79.9,126.1,0.66,40.72,30.57,2.853
1.5,0,90.5,110.2,2.67,52.69,34.94,4.067
1.0,0,90.3,139.4,4.8,19.18,12.74,1.165
2.0,0,30.8,36.3,5.3,30.32,59.13,3.34
2.4,1,20.8,27.3,3.67,74.46,214.46,6.27
2.0,0,54.3,104.1,3.26,21.16,23.41,1.968
1.2,0,111.2,271.1,5.6,27.72,14.96,2.505
1.0,0,87.7,200.3,2.46,24.8,16.97,1.474
1.5,1,99.3,175.5,4.9,51.54,31.14,3.017
1.5,0,20.5,29.9,4.01,86.2,252.03,7.364
2.7,0,102.5,189.8,3.34,90.7,53.11,15.545
2.0,0,37.9,69.5,5.13,12.89,20.4,1.57
1.5,1,99.7,144.3,2.55,75.0,45.15,4.116
2.0,1,40.5,99.7,1.33,73.16,108.4,5.169
2.0,0,111.8,150.7,3.41,80.75,43.33,9.139
1.2,0,86.4,164.9,2.53,22.1,15.35,1.387
2.4,1,91.2,170.4,2.61,65.52,43.12,5.976
1.5,0,116.2,192.9,2.5,70.95,36.64,5.634
1.2,0,66.9,128.7,2.5,62.08,55.68,3.498
1.5,0,19.5,47.8,4.38,34.92,107.61,3.428
2.7,0,45.2,54.5,2.21,51.65,68.62,5.778
1.0,0,102.0,225.1,5.35,96.79,56.96,7.987
1.0,0,33.3,62.3,5.7,52.75,95.12,3.639
1.5,1,69.4,139.3,2.74,54.0,46.67,2.845
1.2,0,100.8,140.1,3.4,21.99,13.09,1.829
2.2,1,60.0,72.6,1.17,77.79,77.77,4.441
2.7,0,77.1,87.9,3.65,84.17,65.51,10.55
2.4,1,77.5,95.5,1.61,32.37,25.05,2.262
1.5,1,104.3,235.1,4.6,64.08,36.86,5.142
2.2,1,107.9,198.8,5.72,30.46,16.94,3.437
1.0,0,102.4,173.0,5.41,13.56,7.95,1.073
2.7,0,25.6,42.1,5.34,98.09,229.54,14.902
1.0,0,68.5,144.1,0.75,56.62,49.58,2.372
2.0,1,109.6,123.0,5.19,53.06,29.04,6.39
2.4,1,60.4,85.7,1.9,51.4,51.04,3.641
1.5,0,75.2,162.5,2.0,29.79,23.76,2.124
2.7,0,41.7,59.3,3.86,53.24,76.66,5.759
2.0,0,51.5,101.3,3.71,61.44,71.58,5.592
1.5,1,105.6,158.3,1.36,46.01,26.15,2.623
2.4,1,42.6,74.9,5.33,9.85,13.86,0.943
1.5,0,84.8,205.0,1.6,5.99,4.24,0.432
1.2,0,108.2,234.9,1.58,62.81,34.84,4.703
2.0,1,92.1,195.1,2.84,92.63,60.34,7.762
1.2,0,39.8,53.1,2.38,18.11,27.32,1.218
2.0,0,19.2,25.6,2.99,26.22,81.88,2.847
1.5,1,80.6,104.3,5.85,45.44,33.83,3.342
2.7,0,34.6,43.8,5.29,94.06,163.24,13.373
1.5,1,80.8,177.7,5.33,72.03,53.47,5.374
1.0,0,104.7,185.7,3.91,9.76,5.59,0.659
1.5,0,95.4,203.9,4.14,83.07,52.22,7.473
2.2,1,38.5,75.9,3.74,97.1,151.17,7.639
2.0,0,88.2,212.7,1.41,65.62,44.66,5.834
2.0,1,51.4,79.5,5.24,21.28,24.84,1.728
1.2,0,104.3,157.8,0.54,31.07,17.87,1.91
1.2,0,80.0,115.6,5.33,12.18,9.13,0.816
1.0,0,54.6,84.4,3.45,66.8,73.35,3.476
2.0,1,71.5,137.8,2.41,2.58,2.16,0.166
1.5,0,61.0,99.7,5.63,72.09,70.87,6.037
1.2,0,25.2,62.1,3.32,63.69,151.92,5.555
2.0,0,24.8,51.8,4.54,29.97,72.54,3.234
1.2,0,35.0,54.7,1.1,61.02,104.71,3.542
1.5,1,84.4,131.3,3.34,45.59,32.39,2.647
1.0,0,102.4,127.8,1.28,97.78,57.27,5.597
2.7,0,54.9,74.6,4.68,22.26,24.32,2.776
1.0,0,24.6,35.7,2.07,65.43,159.83,3.215
2.4,1,66.5,113.7,3.62,4.2,3.79,0.369
2.0,1,23.1,32.7,4.21,89.68,232.65,7.239
2.4,1,74.0,138.0,5.77,75.27,61.04,7.249
1.2,0,22.0,25.5,5.02,84.0,229.44,6.492
1.5,1,101.2,187.9,2.17,44.85,26.58,2.644
2.7,0,25.8,61.1,3.63,78.47,182.36,12.614
1.0,0,70.6,172.5,0.99,68.94,58.62,3.452
1.0,0,70.8,157.4,3.11,65.22,55.24,3.587
1.2,0,29.5,34.0,1.25,30.01,61.06,1.562
2.0,1,94.1,199.2,5.52,73.59,46.94,8.641
1.5,0,15.6,28.0,2.48,56.43,216.37,5.185
2.7,0,31.5,46.9,0.51,13.76,26.22,1.662
2.0,0,119.4,159.4,4.84,71.09,35.73,8.228
1.5,0,74.2,170.1,2.62,8.0,6.47,0.539
1.5,1,115.0,217.1,4.34,80.54,42.03,5.924
2.0,0,115.6,223.8,4.0,85.23,44.22,10.575
1.5,1,46.9,53.6,0.7,95.37,121.89,4.206
1.5,0,119.7,234.1,4.83,34.73,17.41,3.429
2.0,1,22.3,37.9,0.72,96.57,259.68,7.347
2.2,1,117.0,237.9,5.85,83.58,42.88,9.993
2.7,0,40.0,44.3,1.53,2.4,3.59,0.25
1.2,0,80.8,167.8,2.55,48.99,36.4,3.558
2.0,0,63.5,96.9,1.72,22.87,21.62,1.663
2.0,0,43.2,67.4,3.11,8.8,12.23,0.712
1.5,0,63.0,82.4,2.73,12.11,11.53,0.766
1.2,0,108.0,252.8,1.65,17.96,9.98,1.282
1.2,0,115.5,188.1,3.9,88.06,45.73,7.846
1.0,0,93.8,122.1,3.92,9.87,6.31,0.59
1.2,0,15.2,35.3,2.94,25.41,100.22,2.278
1.0,0,35.4,80.7,1.44,57.06,96.64,2.753
1.2,0,24.6,47.1,3.86,73.41,179.33,5.076
1.2,0,16.7,22.3,1.15,73.06,262.69,5.748
2.7,0,23.3,43.1,2.22,24.09,62.06,3.051
1.2,0,41.7,86.7,3.2,88.77,127.66,5.282
2.7,0,77.4,131.4,2.34,57.43,44.5,6.674
1.2,0,37.9,75.2,2.6,49.25,77.96,3.694
1.5,0,93.9,154.2,5.44,19.37,12.37,1.647
1.0,0,50.9,126.6,1.58,59.5,70.1,2.914
1.0,0,53.1,76.8,2.75,52.54,59.42,2.527
2.4,1,38.3,62.4,2.48,40.39,63.33,3.606
1.5,0,67.7,133.6,1.78,72.43,64.19,4.178
1.2,0,79.6,114.3,3.07,21.6,16.28,1.249
1.5,1,106.9,239.9,3.81,75.81,42.56,5.795
1.0,0,60.4,127.8,3.78,30.95,30.74,1.549
2.0,0,98.6,108.6,2.05,59.24,36.06,5.657
2.0,1,58.4,110.7,3.49,59.31,60.92,4.268
2.0,0,57.2,93.7,0.52,62.12,65.21,4.168
2.2,1,105.9,256.6,4.15,49.24,27.89,5.322
2.2,1,92.0,179.7,1.43,90.7,59.17,6.129
2.0,0,93.7,126.4,1.85,3.72,2.38,0.331
1.5,1,87.8,194.0,1.91,45.54,31.12,2.585
1.5,0,88.2,175.3,1.13,78.54,53.42,5.389
1.5,1,62.3,108.7,3.08,88.38,85.15,4.905
1.0,0,19.5,41.7,3.17,33.14,102.0,2.368
1.2,0,116.5,246.7,5.96,65.8,33.89,6.915
2.7,0,49.1,54.5,4.25,28.33,34.63,3.614
1.5,1,27.4,33.6,2.35,15.75,34.53,0.826
2.2,1,38.2,68.8,2.43,77.65,121.94,6.289
1.2,0,34.9,73.7,2.33,59.15,101.57,3.558
1.5,0,97.3,162.6,5.9,39.2,24.18,3.574
2.2,1,38.1,73.6,5.87,46.02,72.48,4.633
1.2,0,96.3,196.6,2.11,49.99,31.13,3.563
2.7,0,79.5,146.3,2.58,40.01,30.19,4.449
2.0,0,55.7,96.1,5.92,36.44,39.28,3.75
1.2,0,33.8,51.1,5.87,38.38,68.2,2.566
1.2,0,17.8,44.2,2.03,92.51,312.43,8.202
2.7,0,18.5,22.4,3.15,41.8,135.69,7.172
1.2,0,113.1,209.0,4.32,89.86,47.68,7.516
2.2,1,48.5,106.3,4.27,46.21,57.22,3.751
2.2,1,118.2,155.9,3.47,11.69,5.94,1.141
2.7,0,113.4,155.8,5.95,31.2,16.51,5.847
1.2,0,39.1,76.9,0.87,47.54,72.86,3.104
1.5,1,17.0,42.2,2.52,78.3,276.22,5.566
2.4,1,29.2,40.5,2.21,59.84,122.77,4.877
2.0,0,77.1,181.0,4.35,16.57,12.9,1.739
1.2,0,52.3,89.0,4.95,10.69,12.25,0.696
1.2,0,15.8,37.9,0.8,28.05,106.27,2.063
1.0,0,78.5,139.0,5.64,25.57,19.55,1.374
2.7,0,100.3,136.0,3.77,59.05,35.33,9.62
2.2,1,24.4,30.3,5.46,63.76,157.02,5.892
1.5,0,85.3,206.3,4.57,55.03,38.7,5.186
1.2,0,56.3,117.1,0.76,34.79,37.07,1.893
2.7,0,35.0,74.3,5.75,90.87,155.89,16.416
2.4,1,56.4,99.0,5.48,93.21,99.17,9.052
2.0,1,87.9,213.8,2.12,26.14,17.85,2.395
2.0,0,119.3,207.4,4.43,79.67,40.07,9.55
1.0,0,50.2,81.1,4.22,53.84,64.34,2.629
2.7,0,16.4,35.6,0.73,83.27,305.36,12.929
1.5,0,82.3,161.6,3.54,10.67,7.78,0.88
2.2,1,84.5,199.2,4.81,78.53,55.79,8.087
1.5,0,20.6,40.2,1.19,9.69,28.25,0.63
2.7,0,21.0,25.0,4.52,51.11,146.23,6.869
2.4,1,104.6,222.3,3.88,87.04,49.94,9.644
2.0,1,53.1,106.0,1.99,79.89,90.35,4.875
2.4,1,77.5,176.4,0.66,37.57,29.1,2.929
1.5,0,96.5,150.4,4.12,14.17,8.81,1.119
2.7,0,40.7,86.9,3.0,98.65,145.3,13.23
1.2,0,19.8,31.7,4.66,38.15,115.85,3.714
1.2,0,102.2,146.3,1.72,61.67,36.21,4.919
2.7,0,112.9,270.7,1.6,27.85,14.8,4.302
2.0,1,81.6,189.6,4.6,50.69,37.28,4.927
1.5,1,68.6,87.9,2.99,10.9,9.53,0.474
1.2,0,36.5,69.6,1.32,27.73,45.54,1.476
1.2,0,104.7,126.7,4.46,36.06,20.66,3.057
1.5,1,44.6,94.2,1.3,25.25,33.97,1.225
2.4,1,21.4,51.2,0.95,91.59,256.24,7.71
2.2,1,25.1,57.8,1.48,86.45,206.43,6.887
1.0,0,70.6,128.4,3.63,3.84,3.26,0.2
1.5,1,27.1,51.5,3.63,68.88,152.37,3.79
2.0,0,66.0,161.4,3.1,26.78,24.34,2.54
1.2,0,115.3,280.1,4.34,51.94,27.04,4.128
2.7,0,21.3,23.9,5.33,81.29,229.25,12.792
2.0,1,115.1,232.1,3.06,16.91,8.82,1.95
1.5,0,55.0,120.2,2.8,97.29,106.11,7.044
1.5,1,107.4,133.3,1.27,73.98,41.33,4.659
2.7,0,45.4,72.2,2.39,34.01,45.0,3.549
2.7,0,25.0,32.3,4.86,44.71,107.37,5.716
2.0,1,69.0,158.2,4.03,19.25,16.74,1.528
1.5,1,77.9,105.4,3.14,66.49,51.22,3.423
2.0,0,89.4,169.7,4.91,63.68,42.72,6.884
1.2,0,85.2,194.5,2.45,6.51,4.59,0.473
1.0,0,28.3,45.8,4.56,30.8,65.32,1.798
2.0,0,46.6,82.8,2.73,38.37,49.4,3.206
1.5,0,82.3,184.2,2.42,60.34,44.0,4.482
1.2,0,66.7,162.2,1.55,91.73,82.51,5.335
1.5,1,102.0,153.0,1.52,97.25,57.19,5.956
2.0,0,16.4,26.1,4.59,9.64,35.32,1.216
2.7,0,119.4,225.6,5.03,73.06,36.71,14.255
1.5,0,38.4,68.4,5.19,21.37,33.41,2.074
2.2,1,110.5,125.4,2.97,61.86,33.58,5.533
2.7,0,117.0,283.2,1.96,24.18,12.4,3.919
2.2,1,75.8,98.2,1.39,67.8,53.66,4.499
1.0,0,21.8,32.1,3.84,14.06,38.77,0.804
1.5,0,100.6,148.4,3.32,66.88,39.88,6.255
2.0,1,27.0,56.8,1.7,19.31,42.84,1.531
1.5,1,54.5,116.7,3.01,4.8,5.29,0.299
2.0,0,36.4,68.3,1.7,22.19,36.61,1.908
1.2,0,75.2,187.6,5.22,2.75,2.2,0.177
1.5,0,80.8,188.1,3.96,24.32,18.07,2.096
2.0,1,63.6,78.0,5.98,56.05,52.84,5.078
2.0,0,72.5,175.4,1.42,30.65,25.36,2.324
1.2,0,87.9,205.8,3.67,64.69,44.16,5.355
2.0,1,115.5,281.2,2.04,73.69,38.27,7.888
2.7,0,62.9,71.1,1.36,78.58,74.91,8.27
2.0,0,65.6,132.2,1.54,54.28,49.68,4.262
2.7,0,49.0,60.0,3.89,27.17,33.25,3.281
1.2,0,30.6,62.7,1.08,87.47,171.6,5.286
2.7,0,76.7,150.5,4.44,88.45,69.15,9.739
1.5,1,112.8,186.4,2.85,58.7,31.23,3.762
1.5,1,113.2,171.3,1.83,5.49,2.91,0.308
2.2,1,53.9,120.3,1.98,88.44,98.5,5.539
2.4,1,104.5,228.2,1.95,33.77,19.4,3.217
1.2,0,20.1,33.3,5.2,75.98,226.41,5.637
2.7,0,70.4,80.3,0.82,68.16,58.09,7.179
1.5,0,116.3,271.0,4.04,38.44,19.84,4.006
2.0,0,94.5,221.6,4.44,80.95,51.39,9.996
1.0,0,42.7,92.4,3.42,8.63,12.14,0.462
2.4,1,88.9,137.6,5.58,13.3,8.98,1.326
2.7,0,40.8,45.4,2.89,37.18,54.68,4.122
2.0,0,23.2,34.0,5.74,12.85,33.29,1.42
1.2,0,82.3,98.0,4.54,54.83,39.96,3.95
2.4,1,34.2,58.7,4.9,47.27,82.89,4.043
2.0,1,29.2,52.4,1.34,18.67,38.33,1.248
1.5,1,89.4,102.5,2.13,87.35,58.62,4.341
2.7,0,92.9,192.7,5.65,25.25,16.32,4.045
1.2,0,77.5,140.5,0.52,56.41,43.7,2.919
1.0,0,43.6,68.8,5.62,58.69,80.8,3.09
1.2,0,71.4,80.9,1.89,32.45,27.28,1.978
1.5,0,49.6,58.9,3.12,28.44,34.39,2.034
1.5,1,87.6,205.0,2.99,77.62,53.19,5.018
1.5,0,80.7,167.9,1.89,81.34,60.46,6.409
2.0,1,88.6,188.9,4.14,55.62,37.66,5.863
1.2,0,21.4,48.9,4.21,85.23,238.78,6.668
1.5,0,113.1,147.8,4.95,82.67,43.86,7.973
1.5,0,85.1,199.5,2.84,42.52,29.99,3.343
1.5,0,108.7,251.8,5.99,59.35,32.77,7.14
1.5,1,85.1,171.0,5.46,83.42,58.82,6.737
1.5,0,90.2,213.0,1.21,28.0,18.62,2.194
1.2,0,20.9,42.9,2.31,47.84,137.12,3.285
2.0,0,30.7,51.9,5.51,36.21,70.71,4.388
1.5,1,26.7,65.6,3.66,14.52,32.69,0.93
2.4,1,71.0,81.6,5.73,28.99,24.51,2.356
2.2,1,75.9,98.2,0.73,39.2,30.98,2.51
1.2,0,68.1,146.5,1.56,5.1,4.49,0.286
1.2,0,19.9,36.3,1.86,11.35,34.24,0.745
2.0,0,105.1,237.0,0.93,59.09,33.73,6.682
1.2,0,117.9,196.8,3.35,21.09,10.73,1.663
1.5,1,91.0,163.2,2.88,42.21,27.83,2.324
1.5,1,30.6,35.5,0.85,94.36,184.99,5.175
1.2,0,50.9,78.0,4.5,31.86,37.58,1.934
2.4,1,90.8,141.4,3.96,66.69,44.09,6.422
1.5,1,60.4,80.5,2.25,44.35,44.04,2.212
1.0,0,107.3,223.4,2.82,75.73,42.33,5.403
2.0,1,97.2,199.8,2.92,98.39,60.71,8.955
1.5,0,76.9,99.9,0.87,44.41,34.64,2.634
2.0,0,60.1,135.0,4.87,73.73,73.59,6.599
1.0,0,107.1,133.9,0.71,22.43,12.57,1.208
1.5,1,21.9,47.3,1.4,91.56,250.89,4.903
2.7,0,38.7,55.5,3.66,56.94,88.36,8.28
1.2,0,85.4,147.7,5.4,63.01,44.26,5.968
1.5,1,52.3,71.6,5.0,37.58,43.14,2.071
1.0,0,97.5,145.9,1.51,7.28,4.48,0.354
2.4,1,32.5,36.7,1.75,4.34,8.01,0.323
1.0,0,75.9,124.2,1.01,41.19,32.56,1.616
1.2,0,53.3,69.6,2.42,23.99,27.02,1.331
1.5,0,92.8,143.6,1.08,72.24,46.7,4.557
1.0,0,107.5,171.5,5.97,45.35,25.31,3.229
2.0,0,112.3,251.7,4.6,34.8,18.6,4.194
2.4,1,115.4,243.7,5.06,29.17,15.17,4.043
2.0,0,30.2,46.2,4.71,31.96,63.51,3.208
1.0,0,59.6,80.3,3.1,25.05,25.2,1.268
2.2,1,69.0,84.6,4.04,17.23,14.98,1.27
1.5,1,96.2,135.3,0.84,55.46,34.61,2.879
1.2,0,90.5,220.4,1.95,10.59,7.02,0.635
2.0,0,24.4,40.7,5.01,58.56,143.81,6.361
1.0,0,73.1,94.0,2.39,52.0,42.68,2.576
2.7,0,21.2,51.8,1.31,75.07,212.24,9.754
2.0,0,70.8,112.9,1.84,10.35,8.77,0.772
2.7,0,91.4,161.8,2.08,37.61,24.7,5.1
1.5,1,26.5,44.6,4.7,40.71,92.26,2.516
1.5,1,88.0,116.5,1.8,69.86,47.65,3.688
1.0,0,92.4,216.4,1.77,10.35,6.72,0.525
2.4,1,96.8,174.4,2.5,44.34,27.48,3.656
2.0,1,36.8,60.4,3.49,62.07,101.07,5.491
1.0,0,95.6,172.8,5.2,75.61,47.45,5.163
2.0,0,43.0,63.4,5.39,77.68,108.44,8.43
2.0,0,87.1,174.7,5.71,11.84,8.15,1.449
1.0,0,16.3,32.3,2.47,12.31,45.37,0.762
1.5,1,113.9,176.3,2.34,84.31,44.42,5.604
1.5,0,81.8,105.4,3.1,31.97,23.46,2.739
2.7,0,92.0,167.9,0.56,52.67,34.35,5.571
1.2,0,71.1,115.9,4.69,53.4,45.06,3.214
1.5,1,67.4,103.6,5.57,54.58,48.57,3.33
2.0,0,78.3,127.4,2.44,83.04,63.6,6.103
2.0,0,83.7,111.2,0.85,85.74,61.48,7.397
1.2,0,47.3,76.6,0.95,85.98,109.16,4.865
2.4,1,118.3,273.6,5.5,23.29,11.81,3.319
2.0,0,37.1,80.6,4.39,62.38,100.75,7.554
1.2,0,77.8,126.4,2.56,15.04,11.59,1.0
1.2,0,32.2,59.7,3.29,11.83,22.05,0.756
2.4,1,78.7,136.5,4.78,43.69,33.31,3.254
1.2,0,40.4,85.1,1.29,34.24,50.84,1.773
1.5,1,109.1,124.9,0.65,60.78,33.42,3.779
2.2,1,106.5,144.7,1.74,66.81,37.65,5.602
2.7,0,87.9,202.4,2.59,96.56,65.94,12.804
1.5,1,74.7,93.5,2.55,25.78,20.72,1.237
2.0,0,81.6,177.0,1.34,97.4,71.6,8.879
1.5,0,75.5,124.9,5.95,88.43,70.3,7.162
1.2,0,17.9,40.0,2.15,14.42,48.33,1.252
1.5,1,119.7,243.4,1.94,21.92,10.98,1.423
1.5,1,118.9,150.1,1.21,14.77,7.45,0.898
1.2,0,100.8,216.0,5.23,23.04,13.71,2.518
1.5,0,71.6,87.7,2.76,55.49,46.47,3.461
1.2,0,110.2,248.0,2.56,72.3,39.37,5.506
2.4,1,93.0,212.6,3.03,60.26,38.89,6.519
1.2,0,39.0,53.4,3.35,67.91,104.39,4.732
2.0,0,30.2,50.4,5.64,21.11,41.91,2.595
1.2,0,108.9,164.5,4.52,78.43,43.21,7.713
1.2,0,72.5,151.6,2.0,93.96,77.73,5.085
2.0,0,104.8,122.7,5.35,85.5,48.94,11.558
2.0,0,53.0,132.0,1.11,59.84,67.76,5.053
2.2,1,110.0,232.8,4.57,76.96,41.97,8.583
2.0,1,93.7,202.5,4.09,51.69,33.1,4.708
2.0,0,44.2,79.6,3.73,63.78,86.62,5.915
1.2,0,48.6,101.1,1.13,83.25,102.76,4.588
1.2,0,43.1,70.5,2.45,7.92,11.02,0.412
1.2,0,39.8,64.2,4.87,74.32,111.95,6.182
2.4,1,37.7,82.7,2.03,16.14,25.71,1.447
1.2,0,25.8,51.5,2.29,64.01,149.12,4.113
2.0,1,56.5,108.7,3.63,75.48,80.1,6.043
1.5,1,57.4,125.4,3.83,50.46,52.74,3.135
2.7,0,72.0,110.1,4.31,6.38,5.32,0.764
2.4,1,115.8,246.1,1.11,22.79,11.81,2.471
2.7,0,111.1,169.4,4.58,71.97,38.88,11.181
1.2,0,93.5,170.6,4.12,52.14,33.46,3.621
2.2,1,55.3,118.9,5.52,4.91,5.33,0.444
1.2,0,29.9,61.8,2.35,27.54,55.28,1.992
1.2,0,97.6,192.7,5.12,76.4,46.95,6.719
2.0,1,35.1,85.0,2.71,53.78,91.89,4.464
1.0,0,79.2,197.7,5.86,96.71,73.28,5.802
1.2,0,46.9,95.0,2.03,76.75,98.13,4.087
2.0,1,114.4,235.4,4.89,19.29,10.11,2.316
1.2,0,44.8,109.8,4.72,99.09,132.85,6.618
2.0,1,64.1,102.6,3.53,71.23,66.67,5.719
2.0,0,63.8,105.6,5.24,34.42,32.4,3.277
1.2,0,93.3,160.9,4.23,85.53,55.01,5.66
1.2,0,55.5,87.7,4.99,96.77,104.65,6.401
1.0,0,24.6,29.0,2.5,95.74,233.39,5.534
1.5,1,30.6,48.8,2.35,76.44,149.85,4.157
2.2,1,118.1,263.2,0.56,30.21,15.35,2.54
1.2,0,93.8,135.4,0.52,91.37,58.44,5.981
1.2,0,112.5,202.4,5.39,46.5,24.81,3.856
2.0,1,96.6,169.7,4.65,92.84,57.65,8.669
1.5,1,74.0,175.8,2.97,68.81,55.79,3.595
2.7,0,20.3,38.1,2.12,15.1,44.6,2.014
2.0,0,69.9,152.4,1.2,90.88,78.03,7.539
1.0,0,48.1,70.9,5.72,20.16,25.15,1.181
1.0,0,88.6,202.0,3.77,78.88,53.43,5.238
1.5,0,111.3,135.1,5.06,46.22,24.92,5.165
1.5,0,101.3,178.5,1.56,11.77,6.97,0.952
2.7,0,61.8,138.8,4.76,25.06,24.33,3.077
1.5,0,77.5,169.5,4.55,96.84,75.02,6.742
2.2,1,28.3,34.3,1.55,27.02,57.25,1.855
1.2,0,102.2,173.6,2.82,26.83,15.75,2.354
2.0,1,91.7,148.4,1.67,5.72,3.74,0.423
1.5,1,41.5,49.8,3.21,10.38,15.01,0.516
2.0,0,42.0,100.7,1.28,96.93,138.37,7.906
1.5,0,109.4,224.0,3.9,71.15,39.04,7.721
2.7,0,82.5,193.5,3.44,29.17,21.22,4.765
2.0,0,110.1,127.4,2.69,94.88,51.69,9.915
2.2,1,22.0,30.0,2.47,2.9,7.92,0.241
1.5,1,18.3,27.0,4.52,68.16,224.0,4.723
1.5,0,55.4,121.7,1.38,97.66,105.74,5.911
1.5,0,18.5,30.8,5.81,73.58,238.56,7.629
1.2,0,39.7,87.8,1.01,44.87,67.77,2.445
1.2,0,35.0,76.3,3.19,32.38,55.58,2.182
1.2,0,119.0,180.5,0.96,2.5,1.26,0.158
1.2,0,37.1,81.0,1.47,26.87,43.42,1.489
2.0,0,24.8,37.9,3.05,50.8,123.03,5.237
1.0,0,54.0,110.0,2.87,76.61,85.14,4.111
1.2,0,66.6,159.1,3.14,3.37,3.04,0.244
1.5,0,100.7,145.5,2.87,66.18,39.45,5.233
2.0,0,87.9,157.2,2.45,81.67,55.75,7.645
1.2,0,47.3,111.7,3.66,74.78,94.81,5.565
2.0,1,77.5,167.1,1.26,82.06,63.56,5.888
2.0,1,111.8,201.2,4.4,23.45,12.59,2.579
2.0,0,95.1,217.3,5.5,91.44,57.7,10.675
1.5,0,58.1,140.6,2.9,98.57,101.77,6.211
1.5,0,82.7,109.5,1.81,47.28,34.32,2.913
2.0,0,69.5,89.6,3.34,6.85,5.91,0.655
1.5,1,81.8,106.2,4.07,20.75,15.21,1.223
1.5,1,17.3,24.2,3.45,49.19,170.5,3.594
2.0,1,23.5,47.5,1.99,25.88,66.22,2.01
2.2,1,89.9,133.8,0.5,86.81,57.96,6.642
2.0,1,48.7,70.4,2.75,66.68,82.12,4.469
2.0,1,60.1,74.3,2.64,3.48,3.47,0.267
1.2,0,100.1,207.4,5.26,80.68,48.36,7.929
2.2,1,99.3,163.0,1.63,8.37,5.06,0.551
1.2,0,31.5,72.7,2.21,34.02,64.88,2.406
1.5,1,33.3,66.0,4.04,29.55,53.21,1.945
2.2,1,16.0,22.7,2.81,13.9,52.22,1.232
1.5,1,111.2,139.1,1.57,98.65,53.22,5.229
1.5,0,79.9,102.4,0.51,93.29,70.03,5.389
1.5,0,50.1,78.0,2.7,71.19,85.34,4.534
1.0,0,17.7,37.0,2.32,19.66,66.76,1.391
2.0,1,78.8,195.0,5.7,97.35,74.11,10.17
2.0,1,92.8,137.4,4.38,98.1,63.42,7.929
1.0,0,85.7,102.6,1.15,91.78,64.23,4.512
2.0,1,68.0,77.7,5.83,66.29,58.45,5.792
2.0,0,84.1,135.4,4.36,68.89,49.15,6.469
1.0,0,66.1,109.1,5.76,44.94,40.78,2.64
1.2,0,32.3,80.4,3.05,40.69,75.49,3.719
1.5,0,26.1,61.5,4.86,75.59,173.65,5.949
1.2,0,109.2,150.8,2.19,30.01,16.49,2.379
2.2,1,78.8,98.7,4.11,92.55,70.43,6.471
2.4,1,50.9,88.7,2.08,36.7,43.27,2.438
2.0,1,80.6,145.2,2.61,54.86,40.84,4.37
1.2,0,48.3,103.5,4.6,51.02,63.34,2.915
1.5,0,31.0,35.6,1.86,98.01,189.41,6.864
1.5,1,109.2,143.1,2.63,47.48,26.09,2.942
1.2,0,82.0,133.6,3.95,31.89,23.34,2.503
1.5,1,20.4,48.4,5.36,97.14,286.37,7.525
1.0,0,50.0,55.7,5.9,50.31,60.4,3.078
1.5,0,111.9,205.0,4.44,12.8,6.87,1.131
1.2,0,42.9,65.1,1.59,14.65,20.47,0.66
2.4,1,62.8,117.8,1.17,80.61,77.0,5.679
1.5,0,101.2,201.9,5.72,6.78,4.02,0.747
2.0,1,39.8,69.2,1.51,38.38,57.83,2.86
2.2,1,64.0,150.6,2.62,41.56,38.98,3.211
2.2,1,96.7,216.3,3.66,20.64,12.81,2.027
1.5,1,74.0,157.2,5.07,65.33,52.99,4.272
2.7,0,33.6,52.3,3.48,18.68,33.35,2.332
2.0,1,22.2,51.0,4.88,77.89,210.68,6.899
2.0,1,20.7,38.7,4.45,13.94,40.41,1.29
2.0,0,100.2,185.1,2.35,34.54,20.68,4.101
2.4,1,31.7,44.0,5.96,75.8,143.6,8.57
1.5,0,32.3,58.2,3.22,19.14,35.59,1.58
1.2,0,89.9,209.0,5.72,5.18,3.46,0.461
2.0,1,70.2,90.9,5.53,93.01,79.51,8.399
2.2,1,71.4,141.4,5.97,99.61,83.72,9.006
1.5,1,115.1,225.3,4.9,41.9,21.85,2.845
2.7,0,90.2,153.7,5.39,32.57,21.67,4.594
1.2,0,28.1,46.8,5.98,18.99,40.49,1.522
1.5,0,19.6,31.7,1.66,11.73,35.9,0.889
1.2,0,66.9,166.5,0.74,24.97,22.39,1.494
2.2,1,59.3,102.0,2.79,34.0,34.43,2.238
1.5,0,116.4,225.6,4.0,71.9,37.07,7.015
1.5,0,99.7,235.8,4.85,25.02,15.06,2.379
1.2,0,32.8,58.9,4.49,10.16,18.61,0.686
2.7,0,42.5,88.0,2.7,42.59,60.14,4.927
2.0,1,92.2,172.6,2.22,17.74,11.54,1.562
2.2,1,101.6,189.4,1.71,35.08,20.71,2.89
2.2,1,17.8,40.1,1.47,7.45,25.16,0.767
2.0,0,116.2,192.2,0.64,23.99,12.39,2.612
2.7,0,105.9,169.6,3.22,8.23,4.66,1.273
2.2,1,77.1,182.1,4.29,97.16,75.65,8.032
2.2,1,29.0,49.5,3.8,2.73,5.63,0.228
2.2,1,97.6,133.4,4.08,21.57,13.26,1.891
1.2,0,37.6,72.3,5.54,83.85,133.98,5.805
2.0,1,101.3,231.1,4.55,89.89,53.26,9.969
2.0,1,21.7,32.8,3.7,87.94,242.69,7.232
2.2,1,54.9,134.0,0.85,77.83,85.07,5.147
1.2,0,93.0,145.3,4.47,71.35,46.05,5.508
1.2,0,37.1,79.9,1.33,80.29,129.7,4.896
2.0,1,15.5,33.3,0.78,95.11,368.17,9.833
1.2,0,48.6,112.0,5.47,89.37,110.37,6.71
2.2,1,119.6,231.2,4.82,77.37,38.82,7.599
2.0,1,39.3,78.9,1.84,47.16,72.07,3.832
1.0,0,107.0,196.5,5.27,27.73,15.55,1.968
1.5,0,59.4,88.9,5.47,20.11,20.32,1.607
1.2,0,28.7,37.1,4.75,85.86,179.27,5.964
1.0,0,61.5,99.5,4.18,93.96,91.6,4.309
2.7,0,53.2,123.5,1.44,23.54,26.55,2.511
2.4,1,67.9,136.2,2.63,20.48,18.09,1.56
1.5,0,69.8,95.5,1.96,39.63,34.08,2.321
1.0,0,19.3,30.7,4.25,58.22,181.07,4.465
1.2,0,24.6,38.7,4.75,72.2,175.97,5.658
1.5,0,104.6,218.8,5.39,29.6,16.98,3.288
1.5,1,25.3,62.4,1.26,35.41,83.97,1.877
1.5,1,99.1,210.1,5.81,78.7,47.65,5.608
2.4,1,28.0,56.1,5.98,24.77,53.1,2.695
1.5,0,76.9,99.1,4.11,80.77,63.06,5.464
2.7,0,100.5,154.9,2.72,25.75,15.36,4.122
2.7,0,59.0,119.1,1.41,44.62,45.39,5.038
2.0,0,52.5,57.9,4.92,89.16,101.8,8.669
2.4,1,27.5,42.2,2.89,27.03,58.9,2.15
2.4,1,86.7,197.9,0.55,23.58,16.33,2.055
1.2,0,17.7,24.9,4.31,21.76,73.86,1.85
1.5,1,69.4,150.4,4.75,96.07,83.03,5.025
1.5,0,51.1,118.8,0.78,52.21,61.27,3.27
2.0,1,44.6,62.7,5.59,58.03,78.07,4.654
2.2,1,54.4,63.9,1.23,24.72,27.26,1.523
2.7,0,28.9,61.7,5.2,65.84,136.55,10.219
1.2,0,84.3,208.2,5.73,40.78,29.02,3.959
2.0,1,30.4,41.4,2.31,89.41,176.36,7.105
2.0,1,23.7,45.7,3.15,97.84,247.82,9.314
1.5,0,86.8,176.3,2.0,24.97,17.27,1.662
2.4,1,38.7,81.6,3.2,75.6,117.17,7.675
2.0,1,50.0,68.4,4.44,33.27,39.96,2.49
1.5,1,94.0,123.9,1.4,8.95,5.71,0.431
2.4,1,60.3,127.5,4.31,22.04,21.95,1.768
2.2,1,88.5,221.1,2.47,89.84,60.89,7.629
1.5,0,32.0,39.9,1.98,57.81,108.3,4.138
2.0,0,93.3,125.2,3.83,30.31,19.49,3.282
2.4,1,32.1,55.9,4.9,30.55,57.06,2.818
2.2,1,35.1,84.0,3.61,73.46,125.47,7.159
2.0,1,110.7,200.4,2.74,59.7,32.37,5.369
1.2,0,57.6,81.7,1.84,89.47,93.23,4.287
2.0,1,54.0,102.8,5.45,41.99,46.63,3.882
1.2,0,30.3,46.0,3.15,69.74,137.87,4.347
2.0,0,86.9,150.2,5.25,87.21,60.22,9.97
2.0,1,96.8,172.8,5.37,59.83,37.08,5.682
2.0,0,15.4,23.7,1.64,66.11,257.24,6.357
2.0,0,49.8,55.0,0.76,32.49,39.15,2.273
1.0,0,102.7,211.3,3.16,91.07,53.19,6.126
1.2,0,102.7,167.8,0.85,8.45,4.94,0.576
2.4,1,114.3,185.5,5.91,5.51,2.89,0.691
2.0,1,78.1,160.7,3.07,35.0,26.9,3.052
1.5,1,56.2,76.2,3.81,83.26,88.86,4.431
1.5,1,49.5,62.9,3.06,2.33,2.83,0.119
1.5,0,17.6,39.6,5.54,22.35,76.41,2.676
1.5,1,49.6,83.0,5.25,34.23,41.44,2.196
2.2,1,84.9,152.7,3.07,50.75,35.85,4.322
1.2,0,59.3,105.7,3.77,26.6,26.9,1.654
1.5,1,103.2,130.7,1.12,9.86,5.74,0.619
1.2,0,81.8,200.2,1.37,7.14,5.24,0.51
2.4,1,58.8,82.2,3.37,65.58,66.87,5.053
2.7,0,50.9,104.1,2.13,36.38,42.9,4.345
2.0,0,66.7,97.2,0.81,91.28,82.15,6.521
2.7,0,17.6,43.6,4.41,53.0,181.03,9.578
2.7,0,78.8,136.7,3.65,21.8,16.6,2.715
2.0,0,75.7,128.5,0.9,89.55,70.94,6.781
1.0,0,68.6,123.3,0.83,61.47,53.73,2.719
1.2,0,46.0,90.6,1.53,23.46,30.62,1.191
1.0,0,66.1,127.9,1.86,77.6,70.49,3.315
2.0,0,70.5,80.4,5.92,9.28,7.9,0.965
1.5,1,71.8,110.8,4.77,93.17,77.85,4.724
2.2,1,81.4,89.7,3.1,89.64,66.05,8.01
2.0,0,85.6,125.5,2.29,93.34,65.42,9.059
2.0,0,104.7,220.8,4.91,94.42,54.11,11.796
2.2,1,68.6,112.8,1.38,89.08,77.86,6.114
1.2,0,64.7,142.4,1.74,23.28,21.58,1.241
1.0,0,22.5,25.0,2.18,40.45,108.09,2.022
2.0,1,23.9,33.0,1.29,34.28,86.2,2.583
2.2,1,76.7,97.0,3.8,42.16,32.97,3.417
1.5,1,96.2,203.7,2.49,55.49,34.6,3.46
2.7,0,89.0,108.2,2.46,44.53,30.01,5.364
2.2,1,29.6,47.7,3.21,8.17,16.57,0.768
1.2,0,32.0,57.6,5.59,26.23,49.24,2.41
1.2,0,93.5,178.2,5.18,17.2,11.04,1.148
1.5,0,99.1,224.0,5.41,20.24,12.25,1.827
1.5,1,43.5,84.8,3.33,16.2,22.33,0.885
1.5,0,24.2,41.3,2.26,71.24,176.62,5.531
2.2,1,48.7,120.5,1.01,27.42,33.77,1.729
1.0,0,24.7,44.8,2.91,19.06,46.29,0.939
1.0,0,55.6,65.6,5.56,41.69,44.95,2.387
1.5,0,42.5,100.9,5.73,28.38,40.04,2.53
1.0,0,27.6,41.0,4.95,90.27,196.36,5.382
2.0,0,32.6,40.1,3.66,97.85,180.05,10.649
1.2,0,26.6,43.3,4.31,24.68,55.74,1.994
1.2,0,69.8,169.9,3.82,61.37,52.75,3.57
1.0,0,77.5,140.8,5.11,98.57,76.28,5.191
2.0,0,35.4,73.1,5.47,18.04,30.6,2.094
2.7,0,43.2,55.5,5.56,37.51,52.14,4.868
1.2,0,72.7,168.5,4.7,87.12,71.85,5.776
1.5,0,61.4,144.1,3.07,85.27,83.3,6.21
2.4,1,91.5,222.0,2.84,35.57,23.34,3.421
1.5,0,35.1,80.2,0.82,2.63,4.49,0.177
2.0,0,119.7,256.5,5.11,22.87,11.46,3.128
2.4,1,92.5,226.3,1.14,71.54,46.38,5.708
2.7,0,84.5,139.3,0.88,21.81,15.49,2.656
2.0,1,92.9,228.6,3.79,25.69,16.59,2.429
2.0,1,115.5,266.7,2.37,13.04,6.78,1.374
2.4,1,17.3,24.4,1.09,78.97,273.51,6.8
1.2,0,74.3,94.8,4.66,71.78,57.96,3.869
2.0,0,19.8,27.3,4.64,71.52,217.25,8.525
1.0,0,104.2,158.4,1.93,89.3,51.43,4.827
2.0,1,19.6,42.5,3.65,43.69,133.95,5.464
2.7,0,39.1,50.8,5.52,67.56,103.76,10.358
1.2,0,22.9,35.4,1.14,95.09,249.28,5.88
2.2,1,82.2,138.2,3.77,43.16,31.52,3.464
2.0,0,87.5,194.3,3.21,18.19,12.47,2.011
2.4,1,88.1,159.5,1.83,80.02,54.48,5.625
2.2,1,36.1,40.5,2.09,38.2,63.55,3.059
2.7,0,114.5,137.2,3.88,6.15,3.22,1.026
2.7,0,77.7,188.5,1.56,90.77,70.08,9.093
1.2,0,67.0,130.3,4.23,88.68,79.4,5.338
1.5,0,83.5,145.4,5.63,83.41,59.96,7.399
2.2,1,117.8,148.8,2.87,8.1,4.13,0.794
2.2,1,52.5,108.9,5.74,96.38,110.1,9.045
1.5,0,34.5,71.5,0.89,29.9,52.0,2.234
1.2,0,20.2,45.8,2.21,8.18,24.27,0.579
2.2,1,117.6,291.4,3.79,87.99,44.88,10.779
1.0,0,66.8,137.7,4.09,60.91,54.75,3.635
2.7,0,66.8,156.2,0.93,7.48,6.71,0.779
2.0,0,79.4,115.0,2.15,62.13,46.93,5.514
1.2,0,82.6,136.3,3.39,56.36,40.95,4.231
2.4,1,62.9,143.8,5.94,9.06,8.64,0.815
2.7,0,55.4,71.1,5.29,4.27,4.63,0.555
1.2,0,60.8,102.3,5.38,37.97,37.46,2.616
1.2,0,35.3,49.9,4.4,5.96,10.12,0.416
1.0,0,17.7,31.4,1.74,42.51,143.94,2.657
2.2,1,26.1,57.8,5.74,7.88,18.14,0.823
2.0,0,109.6,218.2,3.45,75.42,41.27,8.571
1.2,0,35.2,49.6,0.76,25.59,43.65,1.584
2.0,1,44.6,60.5,3.7,62.27,83.69,4.456
2.2,1,105.5,208.0,5.0,65.86,37.44,6.566
1.0,0,22.4,41.3,5.95,74.33,199.51,4.642
2.0,1,105.1,170.4,2.19,77.81,44.41,8.019
2.2,1,102.8,155.6,2.07,79.7,46.5,8.045
2.2,1,57.8,76.2,2.11,54.0,56.06,3.431
1.5,1,55.6,126.1,2.6,82.77,89.27,4.209
1.5,0,81.4,118.5,5.24,52.02,38.35,4.505
1.2,0,105.9,193.9,5.6,8.34,4.73,0.668
2.4,1,70.9,86.5,1.77,77.09,65.25,5.305
2.7,0,61.0,79.2,5.21,12.7,12.49,1.767
1.2,0,17.9,25.4,5.48,64.71,217.33,6.423
2.4,1,41.9,70.7,5.09,77.56,111.08,7.419
2.2,1,53.5,75.7,4.17,91.48,102.55,6.774
1.5,1,118.8,266.2,5.44,62.87,31.76,5.46
2.7,0,62.0,147.7,4.69,34.44,33.35,4.548
1.2,0,52.7,58.3,4.8,70.53,80.26,4.353
2.0,0,78.8,142.0,2.6,90.07,68.54,6.963
1.5,0,94.7,183.1,3.85,23.41,14.83,1.902
1.2,0,52.6,116.8,2.42,76.3,87.07,3.986
2.0,1,74.2,102.9,5.54,92.47,74.77,7.484
2.2,1,22.9,44.4,1.48,16.28,42.65,1.054
2.7,0,102.1,123.3,3.8,24.82,14.59,3.832
2.4,1,63.3,143.0,2.83,26.73,25.32,2.364
1.5,1,49.0,121.8,1.24,76.53,93.73,3.979
2.0,0,50.0,63.9,2.4,67.97,81.55,5.286
2.7,0,61.1,104.1,3.56,59.01,57.98,7.585
1.0,0,64.3,94.7,5.71,37.27,34.76,1.929
2.7,0,80.4,114.4,5.56,58.34,43.55,9.818
1.5,1,75.7,160.6,2.69,8.5,6.74,0.423
1.5,0,95.8,170.5,4.68,22.69,14.21,1.951
2.2,1,59.3,100.6,5.55,58.49,59.19,5.139
1.2,0,49.7,100.3,1.85,72.68,87.81,4.317
1.2,0,36.9,81.5,5.71,89.33,145.37,8.172
1.2,0,77.5,144.7,5.6,54.53,42.22,3.516
2.0,0,22.3,24.7,5.52,42.02,113.12,4.802
2.0,0,55.6,105.6,3.14,39.41,42.53,3.369
1.2,0,20.6,28.2,1.97,29.67,86.49,1.96
1.5,0,37.4,54.9,1.82,88.69,142.1,6.148
1.0,0,105.3,258.5,4.08,68.23,38.89,5.193
2.7,0,97.1,168.9,2.27,88.39,54.65,11.533
2.2,1,28.5,45.7,0.85,98.01,206.46,6.507
1.5,1,19.1,37.2,4.29,4.0,12.54,0.312
1.0,0,36.0,42.2,2.91,81.05,135.0,4.345
1.2,0,45.0,99.3,2.23,79.17,105.59,5.27
1.5,0,39.5,49.0,1.11,78.45,119.11,5.548
2.0,0,23.9,28.5,3.78,72.83,183.05,8.131
1.0,0,78.3,117.9,2.88,49.87,38.21,2.087
1.2,0,117.2,142.1,2.62,65.7,33.63,5.832
2.4,1,18.1,33.0,3.09,32.08,106.62,3.861
2.4,1,47.8,113.6,5.83,50.68,63.59,4.807
2.4,1,95.4,214.3,1.19,97.73,61.48,9.042
1.5,0,67.1,96.9,3.7,43.15,38.6,2.785
1.2,0,26.1,42.9,3.02,63.58,145.94,4.352
1.5,1,82.3,97.7,5.81,4.22,3.08,0.29
2.7,0,100.7,115.9,0.52,73.33,43.71,10.263
1.0,0,65.6,76.3,3.59,42.12,38.51,2.221
1.5,0,52.1,129.4,4.43,38.0,43.78,2.665
2.2,1,98.4,192.3,3.66,68.7,41.91,5.735
1.5,0,74.0,87.2,3.84,53.96,43.77,3.715
2.4,1,97.2,198.5,3.24,72.4,44.69,7.802
1.2,0,50.3,71.1,2.99,88.74,105.86,5.255
1.0,0,22.4,39.8,4.58,20.87,55.94,1.265
1.2,0,86.6,105.6,1.48,41.63,28.85,2.277
2.0,0,39.5,91.3,1.39,63.88,97.14,6.493
1.2,0,56.3,117.2,0.59,16.32,17.41,0.911
1.5,1,53.2,95.9,5.48,63.89,72.01,3.674
1.0,0,75.2,116.6,1.91,61.49,49.04,2.725
2.7,0,78.4,162.4,2.64,4.85,3.71,0.638
2.0,1,111.0,175.7,4.42,11.87,6.41,1.226
2.4,1,78.1,100.5,2.65,97.19,74.7,6.915
1.5,0,24.8,38.9,2.43,7.06,17.08,0.471
2.7,0,95.4,115.8,0.72,34.34,21.6,4.131
2.4,1,36.9,77.7,4.96,15.58,25.36,1.573
1.0,0,94.1,231.6,1.55,14.05,8.96,0.687
2.4,1,116.5,266.6,5.34,47.08,24.25,6.448
1.5,0,22.8,51.0,4.06,18.78,49.49,1.671
1.5,0,21.8,32.1,2.65,26.0,71.53,1.783
2.2,1,57.1,101.0,3.49,28.95,30.43,2.181
1.5,1,104.0,206.4,1.41,32.85,18.95,2.018
1.5,0,103.7,256.8,4.31,39.07,22.6,3.804
2.0,0,111.6,167.6,1.35,36.35,19.55,3.847
1.5,1,110.2,237.9,5.9,77.93,42.44,6.722
1.2,0,18.6,31.5,3.68,31.16,100.66,2.932
2.7,0,25.2,53.9,1.1,41.68,99.42,5.594
2.7,0,79.7,198.9,2.11,63.82,48.06,6.957
2.0,0,106.6,229.5,1.78,98.5,55.44,10.84
2.0,1,68.0,119.8,2.97,34.82,30.71,2.488
2.4,1,69.9,105.4,2.27,3.49,2.99,0.267
2.2,1,83.7,195.0,5.46,56.53,40.52,6.257
2.0,1,57.3,100.9,5.42,56.87,59.5,4.748
1.0,0,34.0,54.3,2.32,36.88,65.0,1.766
1.5,0,76.6,124.7,0.98,48.03,37.61,2.883
1.2,0,27.7,68.8,5.04,55.01,119.28,5.194
1.2,0,30.2,37.6,3.89,13.33,26.46,1.092
2.2,1,70.4,78.3,1.17,59.54,50.74,3.571
2.7,0,21.0,28.1,4.65,69.51,198.16,8.889
1.2,0,68.1,148.6,1.07,90.47,79.74,5.269
1.5,1,79.7,122.8,4.47,78.67,59.25,4.461
2.4,1,110.8,226.3,3.5,38.69,20.95,4.26
1.2,0,100.4,128.2,3.22,49.51,29.58,3.705
1.0,0,100.5,174.1,3.57,2.27,1.35,0.149
2.0,0,106.0,227.4,0.96,74.61,42.22,8.495
2.7,0,16.6,21.0,1.87,82.03,296.07,11.404
2.0,0,116.5,174.1,3.74,99.35,51.17,12.831
1.2,0,78.9,124.5,2.31,69.35,52.74,4.535
1.5,1,49.1,90.8,4.09,21.88,26.73,1.236
1.5,0,119.7,291.6,5.67,81.49,40.85,8.814
1.0,0,115.5,234.8,2.76,68.98,35.84,4.44
2.7,0,55.0,100.2,3.06,88.46,96.53,11.015
1.2,0,94.9,230.6,4.05,68.4,43.27,4.552
1.0,0,40.3,88.8,4.22,23.85,35.52,1.255
1.5,0,77.6,86.8,2.29,93.36,72.22,5.639
2.4,1,39.1,66.5,5.29,8.72,13.39,0.879
1.5,1,16.6,38.9,2.56,20.57,74.55,1.368
1.5,0,17.7,27.7,0.75,69.84,237.17,5.943
2.0,1,30.5,56.9,4.41,86.34,169.92,8.357
2.4,1,79.9,130.8,4.16,19.73,14.81,1.565
1.5,1,92.4,103.8,3.23,62.24,40.43,3.876
1.5,0,38.5,93.0,4.33,25.21,39.34,2.109
1.5,0,108.2,180.4,0.71,6.75,3.75,0.498
2.4,1,76.3,151.7,4.45,3.87,3.04,0.285
1.0,0,17.7,43.8,5.78,57.31,194.59,5.454
2.0,0,84.9,180.8,1.99,99.31,70.17,8.716
1.5,1,66.5,151.0,4.97,9.0,8.12,0.474
2.2,1,42.2,85.3,1.3,40.91,58.16,2.589
2.0,1,104.7,137.2,5.7,51.73,29.63,6.601
2.7,0,110.5,191.9,4.78,17.06,9.26,2.54
1.2,0,87.7,127.3,5.5,30.81,21.09,2.59
2.2,1,109.5,164.3,1.92,92.19,50.51,8.253
2.4,1,95.8,227.8,0.93,82.87,51.91,7.055
1.2,0,40.1,77.9,4.06,53.21,79.62,3.054
1.5,1,30.9,69.5,2.23,46.5,90.44,2.773
2.7,0,65.5,144.4,0.9,20.78,19.03,2.309
1.5,1,32.2,50.6,3.83,90.76,169.21,5.179
2.4,1,101.7,122.1,1.58,31.4,18.53,2.898
2.0,0,96.9,232.2,4.44,97.35,60.28,9.962
1.5,1,38.4,87.7,5.0,40.82,63.79,3.084
2.4,1,87.4,134.0,5.14,23.3,15.99,2.178
2.4,1,51.0,103.3,1.12,99.24,116.8,7.249
2.2,1,107.0,117.8,5.87,37.2,20.86,4.101
2.2,1,55.6,119.7,5.76,4.29,4.63,0.401
2.0,0,73.6,129.0,3.67,55.99,45.66,5.435
2.0,0,117.3,166.6,1.94,10.31,5.27,1.129
1.5,0,54.9,106.3,3.69,64.37,70.38,4.283
2.2,1,89.6,177.2,0.57,88.75,59.44,5.919
1.5,0,96.4,191.3,1.03,97.57,60.71,6.074
2.0,0,110.9,244.8,2.18,92.63,50.13,10.826
1.2,0,32.1,36.4,5.49,58.39,109.01,4.603
1.2,0,35.4,48.9,3.08,91.33,154.71,5.414
1.2,0,37.0,78.9,2.74,52.05,84.46,4.344
1.2,0,76.3,91.0,1.24,67.04,52.71,3.206
2.7,0,71.2,169.3,0.59,64.98,54.76,6.538
2.4,1,76.1,103.0,2.06,62.54,49.33,4.254
2.0,1,58.2,83.1,3.33,80.15,82.67,6.618
2.7,0,44.0,72.9,2.01,19.18,26.15,2.062
2.0,0,43.0,67.5,2.31,49.07,68.54,4.273
1.2,0,79.6,105.9,0.61,78.76,59.36,3.435
1.2,0,75.4,146.6,4.28,40.56,32.3,2.852
2.4,1,88.8,213.2,4.27,68.75,46.44,6.573
1.5,0,85.5,96.0,1.48,24.22,17.0,1.567
2.0,1,37.7,61.7,3.71,39.58,62.94,3.272
1.5,0,37.6,87.1,3.72,94.57,150.73,8.325
1.5,1,51.5,86.4,5.63,31.56,36.76,1.989
2.2,1,58.3,89.2,1.35,84.31,86.8,4.81
1.2,0,41.7,98.9,4.0,44.99,64.72,3.618
2.2,1,47.6,76.4,3.1,57.05,71.9,4.543
2.0,1,32.0,41.5,3.6,7.56,14.16,0.695
1.0,0,105.6,202.6,1.67,10.87,6.17,0.636
2.0,1,94.8,220.2,1.04,53.42,33.83,4.153
1.5,0,113.0,180.0,2.51,22.52,11.96,2.087
1.5,0,106.5,162.2,4.63,85.41,48.11,8.188
2.4,1,87.5,169.0,1.29,18.26,12.52,1.444
2.7,0,61.0,75.1,4.57,80.33,79.07,10.075
1.2,0,63.9,118.1,1.83,18.94,17.77,0.96
2.0,1,96.6,169.0,5.25,92.77,57.61,8.973
2.0,0,34.0,46.2,1.4,79.31,140.0,6.089
1.5,1,77.4,141.0,1.36,99.12,76.79,4.027
2.4,1,68.7,169.7,1.18,38.53,33.66,3.069
2.7,0,82.4,148.9,1.28,75.67,55.08,8.845
1.5,0,71.4,128.4,1.53,64.11,53.85,3.73
1.5,1,20.3,36.0,5.49,2.22,6.55,0.143
1.2,0,16.0,17.9,3.86,79.34,296.87,6.698
2.7,0,93.1,153.9,1.02,27.18,17.52,3.412
1.0,0,32.4,50.9,3.72,52.99,98.17,2.937
1.2,0,58.5,99.9,2.76,51.37,52.68,3.337
2.2,1,94.0,109.5,1.33,12.32,7.86,0.943
2.7,0,114.5,257.4,3.54,87.75,45.97,17.167
1.2,0,99.5,207.8,4.88,77.14,46.53,5.248
2.0,0,51.2,66.0,2.23,37.15,43.52,3.308
1.5,0,84.1,188.5,2.67,5.23,3.73,0.433
2.0,1,80.6,110.0,1.87,91.16,67.84,6.105
2.4,1,44.7,68.4,1.71,79.65,106.94,5.132
1.5,0,76.5,116.6,4.02,83.29,65.32,6.28
2.7,0,73.5,100.8,4.25,93.89,76.61,10.618
2.0,1,30.6,65.3,2.74,8.14,15.95,0.786
1.2,0,17.0,33.5,3.35,33.68,119.19,3.387
1.2,0,72.5,158.3,4.21,30.86,25.52,1.951
1.2,0,58.8,135.6,2.06,91.69,93.62,6.118
1.0,0,93.2,186.9,5.58,18.56,11.94,1.387
2.0,1,76.0,175.2,4.45,29.6,23.37,2.559
1.2,0,69.6,97.7,4.59,6.22,5.36,0.442
1.2,0,69.9,166.3,0.62,64.49,55.34,3.789
2.0,1,90.9,167.6,4.52,11.24,7.42,1.007
1.5,1,117.1,269.4,4.53,93.51,47.9,7.023
1.2,0,40.5,77.0,4.92,76.42,113.16,5.326
2.4,1,29.7,41.4,4.58,16.46,33.29,1.43
1.0,0,22.6,31.6,1.32,95.23,253.14,4.282
2.4,1,27.1,62.7,3.8,85.27,189.11,9.263
1.2,0,111.4,213.8,4.42,42.78,23.05,4.169
2.7,0,64.9,77.7,4.36,52.8,48.79,6.331
1.2,0,53.6,97.0,1.78,40.62,45.48,1.949
2.2,1,25.9,58.7,4.25,5.17,11.95,0.454
1.0,0,68.3,81.6,5.58,30.86,27.12,1.87
1.0,0,104.3,150.8,1.46,85.24,49.05,4.52
1.2,0,51.2,109.9,5.49,98.2,115.12,6.749
1.2,0,68.2,105.4,1.91,4.06,3.57,0.215
1.0,0,35.8,43.7,4.45,89.67,150.35,5.607
1.5,0,40.8,77.6,5.74,74.1,108.96,5.932
1.2,0,91.2,221.9,4.56,69.93,46.0,5.617
2.7,0,33.9,80.1,2.22,14.76,26.15,2.187
1.0,0,26.8,48.1,3.07,15.97,35.71,0.973
2.0,0,95.0,130.0,2.23,11.33,7.15,0.986
2.7,0,65.6,90.5,1.27,14.08,12.87,1.51
1.5,1,117.0,152.8,4.71,5.42,2.78,0.391
2.7,0,36.8,73.7,3.89,80.24,130.68,13.096
2.7,0,66.5,131.0,4.51,36.9,33.31,4.433
1.2,0,63.8,143.1,4.49,49.9,46.95,3.923
2.2,1,105.0,233.2,5.39,34.81,19.88,4.368
2.0,1,85.9,161.9,2.45,57.75,40.34,4.484
1.2,0,44.5,56.6,2.27,85.49,115.32,4.372
2.7,0,33.4,56.6,1.13,15.58,28.0,1.834
2.2,1,50.6,99.9,1.86,31.42,37.23,2.046
2.0,0,83.5,98.1,5.89,61.74,44.39,7.058
2.2,1,24.5,58.9,3.94,20.03,49.02,1.924
2.0,0,106.4,150.0,4.85,20.15,11.36,2.571
2.4,1,25.3,59.5,3.68,66.31,157.3,6.42
2.2,1,117.5,256.3,5.76,86.99,44.42,11.396
2.4,1,55.5,104.6,5.58,75.05,81.21,6.607
2.4,1,56.8,118.1,5.53,10.6,11.21,1.125
1.2,0,52.3,60.9,0.59,48.75,55.93,2.489
2.4,1,94.7,192.3,2.13,13.46,8.53,1.332
2.4,1,106.1,194.5,5.52,84.79,47.93,10.779
2.0,0,76.3,150.2,4.02,96.77,76.09,8.049
1.2,0,107.5,154.3,5.84,60.53,33.8,4.977
2.2,1,38.0,94.2,5.16,4.57,7.22,0.532
1.2,0,65.0,128.2,3.71,38.68,35.71,2.38
2.2,1,16.0,39.4,4.63,17.57,65.71,1.965
1.5,1,72.9,108.9,5.93,90.77,74.68,5.784
2.4,1,71.2,148.9,1.7,71.77,60.47,5.7
1.0,0,108.5,131.8,3.06,78.01,43.12,4.803
2.2,1,44.3,87.2,3.14,30.28,41.04,2.276
1.0,0,39.5,96.8,4.08,31.1,47.2,2.136
2.0,0,101.5,160.5,2.84,27.4,16.2,3.175
2.2,1,109.1,172.9,5.23,7.28,4.0,0.909
2.7,0,53.1,116.1,4.64,90.32,101.99,11.463
2.2,1,105.8,231.8,2.66,84.88,48.13,7.881
2.2,1,45.0,80.6,2.97,53.02,70.62,3.677
2.2,1,63.2,129.8,3.83,98.5,93.47,7.783
2.2,1,110.5,231.0,0.75,84.18,45.7,8.578
1.5,0,80.0,93.6,1.97,72.4,54.28,4.825
2.0,0,39.1,48.8,0.65,30.65,47.0,2.557
1.5,1,104.9,175.5,0.62,64.36,36.8,3.96
2.0,1,42.4,49.5,3.58,75.6,107.07,5.497
1.2,0,33.9,46.7,5.59,25.44,45.03,1.81
2.0,1,115.3,190.1,3.39,36.81,19.16,3.922
2.2,1,64.9,134.3,1.58,98.19,90.73,6.946
1.0,0,118.5,247.7,2.97,3.19,1.61,0.218
1.5,1,93.5,208.6,1.89,54.86,35.21,3.035
2.7,0,119.6,289.9,4.51,56.7,28.43,10.287
1.5,0,106.4,160.3,4.94,13.14,7.41,1.281
1.0,0,64.3,85.8,0.6,67.29,62.74,2.853
1.5,1,58.5,113.3,2.86,47.6,48.85,2.453
2.4,1,25.9,28.6,2.23,16.45,38.12,1.309
1.5,0,54.0,105.2,4.06,41.69,46.32,2.866
1.2,0,77.5,193.5,5.69,2.26,1.75,0.169
2.7,0,47.6,83.7,1.79,98.94,124.73,9.42
1.5,0,40.8,63.3,2.2,37.55,55.19,2.596
1.2,0,79.9,95.8,4.15,53.75,40.35,3.818
2.0,0,35.5,78.4,4.37,79.58,134.59,9.453
1.5,0,85.1,100.6,3.41,6.41,4.52,0.458
1.5,0,106.5,243.6,5.45,40.08,22.57,4.721
1.2,0,34.0,38.4,1.73,61.23,108.09,3.624
2.0,1,69.7,173.4,3.3,13.35,11.49,1.13
1.2,0,77.7,160.9,3.08,11.57,8.94,0.844
1.5,1,86.6,191.1,5.79,16.58,11.49,1.239
1.0,0,60.8,122.6,4.35,86.58,85.42,4.458
1.2,0,18.5,33.8,3.77,37.05,119.88,3.64
1.5,1,22.6,26.2,1.06,10.56,28.0,0.533
1.5,1,63.4,91.0,2.96,95.14,89.97,4.287
2.4,1,40.4,75.7,5.62,58.24,86.5,4.973
1.2,0,20.7,43.1,2.92,73.67,213.01,6.182
1.5,0,72.6,165.8,5.76,94.43,78.0,7.373
1.0,0,98.6,215.7,1.0,19.59,11.93,1.131
1.0,0,108.0,118.9,4.28,77.17,42.86,4.907
2.4,1,38.8,69.6,3.89,40.37,62.45,3.599
1.2,0,96.0,152.2,4.3,2.0,1.25,0.143
1.2,0,54.1,129.5,2.58,7.94,8.81,0.45
1.0,0,110.3,211.3,1.44,91.53,49.78,5.336
2.2,1,32.0,59.8,4.13,96.27,180.36,8.173
2.0,1,99.7,244.6,3.0,79.05,47.57,8.387
2.4,1,19.2,39.9,1.14,14.44,45.24,1.39
2.7,0,108.1,149.3,1.85,95.38,52.93,11.937
2.0,1,112.3,200.2,3.62,27.21,14.53,2.851
1.0,0,66.7,101.5,3.7,94.77,85.29,5.106
1.2,0,58.5,92.8,1.79,46.9,48.1,2.703
2.7,0,61.1,107.2,3.0,90.2,88.59,9.102
2.4,1,98.4,195.0,3.11,65.17,39.76,6.484
1.5,0,63.1,114.0,2.33,5.1,4.85,0.316
2.4,1,87.4,97.0,4.91,50.26,34.48,4.643
2.2,1,93.2,157.2,3.17,80.65,51.93,6.672
2.4,1,72.3,117.6,1.73,84.25,69.87,5.589
1.5,1,64.8,121.7,5.97,95.25,88.23,5.335
1.0,0,56.0,67.2,3.67,97.75,104.75,5.351
1.5,1,91.4,118.9,1.39,17.96,11.79,0.968
2.4,1,38.9,84.3,1.95,35.36,54.51,2.797
2.0,0,37.1,55.5,5.56,43.86,71.0,5.132
2.0,0,63.8,103.0,1.2,18.46,17.35,1.482
1.5,1,97.8,224.7,5.56,17.8,10.91,1.27
2.0,1,113.7,239.6,0.84,39.12,20.64,3.437
1.2,0,80.3,195.8,0.61,43.46,32.49,2.813
2.4,1,32.0,49.9,5.01,17.75,33.28,1.827
2.0,1,119.9,173.9,5.65,27.62,13.82,3.191
2.7,0,77.1,150.8,4.45,32.68,25.43,3.556
2.0,1,48.2,110.8,5.44,61.8,76.99,5.918
2.7,0,54.0,129.8,2.93,80.65,89.58,10.592
1.2,0,109.3,168.8,5.79,81.61,44.79,7.561
2.0,0,115.2,252.2,4.72,9.99,5.2,1.248
1.5,0,60.8,104.5,2.01,14.93,14.73,1.022
1.2,0,51.8,79.1,5.26,42.19,48.83,2.926
2.7,0,111.5,202.1,2.14,17.6,9.47,2.786
1.2,0,76.9,160.5,0.93,56.52,44.08,3.299
1.5,0,81.2,170.7,5.78,18.17,13.44,1.95
1.2,0,45.1,52.5,2.07,8.26,10.99,0.551
1.2,0,28.2,50.4,3.37,21.79,46.29,1.556
2.7,0,58.0,76.3,3.45,32.15,33.27,3.85
1.0,0,35.7,64.1,4.38,49.53,83.19,2.657
2.0,1,105.9,141.6,5.62,48.9,27.71,5.566
2.7,0,107.1,173.3,2.74,44.45,24.91,7.158
1.2,0,60.7,81.9,0.94,40.18,39.68,1.871
2.4,1,84.1,106.2,2.63,63.26,45.11,5.111
2.4,1,79.2,89.4,3.36,76.72,58.13,5.593
1.2,0,62.4,151.9,3.12,75.49,72.61,5.318
1.5,1,29.5,63.0,5.34,94.53,192.46,6.399
2.0,1,91.3,221.4,1.89,74.73,49.12,5.556
2.4,1,51.8,112.8,5.25,37.75,43.7,3.757
2.2,1,68.4,138.4,0.75,72.15,63.3,5.219
1.5,1,81.8,191.8,5.52,79.74,58.52,5.537
1.2,0,71.8,156.0,3.55,34.91,29.19,2.374
1.5,0,65.8,131.2,3.89,37.1,33.81,2.505
1.5,1,79.5,164.7,1.09,6.71,5.06,0.339
2.0,1,26.2,56.9,5.17,59.56,136.16,6.118
2.7,0,100.8,144.4,4.63,88.1,52.45,14.737
1.2,0,113.7,211.9,3.88,93.47,49.33,7.833
2.4,1,48.2,70.1,3.33,99.72,124.15,8.463
2.4,1,58.7,137.5,3.15,82.71,84.59,7.773
1.5,0,90.8,208.6,2.63,13.24,8.74,1.125
2.0,0,111.1,229.1,4.55,33.88,18.3,4.652
2.2,1,36.4,83.2,2.05,79.71,131.39,6.917
2.0,0,24.6,48.6,1.81,80.72,196.65,6.731
1.0,0,82.9,179.6,1.77,96.7,70.01,5.221
1.5,0,90.8,155.2,4.09,22.08,14.58,1.731
1.0,0,35.5,70.7,3.67,57.38,96.96,3.375
1.5,0,93.1,211.0,0.58,34.24,22.07,2.438
2.7,0,95.9,237.1,5.73,90.14,56.39,14.341
1.2,0,19.3,31.8,4.06,29.77,92.47,2.425
2.4,1,94.7,112.2,5.55,18.82,11.93,1.815
1.5,1,26.2,62.5,5.42,91.06,208.51,7.085
2.2,1,22.2,36.3,2.98,60.78,164.26,4.83
2.4,1,96.8,231.3,4.66,68.1,42.2,6.845
2.0,1,65.8,101.0,5.62,29.69,27.06,2.476
1.2,0,106.2,244.2,4.99,8.02,4.53,0.646
1.0,0,109.4,190.5,2.92,19.16,10.51,1.297
1.5,1,35.0,71.0,1.84,94.0,160.92,4.664
1.0,0,68.0,121.3,1.4,50.46,44.52,2.065
1.5,1,21.6,28.2,1.31,21.94,60.96,1.05
2.4,1,71.5,102.2,2.16,26.02,21.84,1.966
1.5,1,86.1,211.4,0.58,75.57,52.65,4.161
2.0,0,75.7,184.1,1.31,99.37,78.74,8.33
1.5,0,26.3,44.9,1.68,44.1,100.63,3.182
2.4,1,86.2,193.8,5.69,66.56,46.34,7.542
2.7,0,69.2,78.0,2.05,7.21,6.25,0.857
2.4,1,36.2,89.0,2.85,57.48,95.24,5.548
1.5,1,38.4,81.9,5.47,25.06,39.19,1.74
1.5,1,79.7,111.9,4.75,24.3,18.3,1.367
2.0,0,104.5,227.7,3.74,28.95,16.62,4.156
2.0,1,29.3,55.3,1.32,29.21,59.78,2.231
1.5,0,116.2,131.4,4.73,96.62,49.88,8.656
1.5,1,95.0,219.6,3.82,81.96,51.79,5.206
1.5,0,85.3,190.8,3.68,8.03,5.65,0.692
1.5,1,98.5,113.5,4.17,65.68,40.0,4.288
2.0,0,50.7,120.9,4.65,66.22,78.36,6.156
2.0,1,39.2,81.9,2.67,13.64,20.86,1.289
2.0,1,26.5,38.3,5.35,37.36,84.59,3.833
2.4,1,37.6,93.7,4.56,40.47,64.56,3.792
2.7,0,118.2,268.2,3.14,88.17,44.75,15.233
2.2,1,39.2,75.4,1.57,72.05,110.24,5.308
2.0,1,22.2,30.9,1.35,20.68,55.9,1.412
1.5,0,77.3,176.3,2.8,54.17,42.04,4.114
2.0,1,92.3,144.6,4.35,91.79,59.65,7.373
2.0,1,62.9,144.2,5.03,89.41,85.32,9.32
1.5,1,51.8,88.3,4.59,51.14,59.21,2.836
2.7,0,106.7,195.7,3.5,29.53,16.61,4.748
2.0,0,91.3,102.0,1.14,92.53,60.79,8.432
2.0,0,17.8,21.7,2.91,25.07,84.31,3.137
1.2,0,54.4,92.6,1.64,94.91,104.75,5.744
2.0,1,113.2,230.0,1.79,76.5,40.54,7.073
2.0,1,43.8,74.2,4.24,12.84,17.59,0.916
1.5,1,67.2,167.6,3.19,23.54,21.02,1.353
2.2,1,87.0,109.1,5.83,23.89,16.48,2.188
2.7,0,119.7,178.2,4.79,58.98,29.57,10.464
1.0,0,66.8,75.0,0.95,27.27,24.48,1.148
1.2,0,96.3,106.0,3.28,25.05,15.61,1.77
2.2,1,85.0,125.1,2.46,94.17,66.49,7.059
1.2,0,77.2,104.7,1.76,28.79,22.38,1.452
2.7,0,100.7,249.8,5.65,36.91,21.98,7.25
2.0,1,48.0,60.7,3.0,56.1,70.16,4.092
2.4,1,68.6,110.1,4.45,60.76,53.15,4.869
1.5,1,113.7,277.2,5.35,27.01,14.25,2.283
1.2,0,23.3,32.5,2.22,13.41,34.49,0.934
1.5,1,40.9,81.7,0.92,58.11,85.15,2.688
2.0,0,94.2,219.7,1.44,35.99,22.93,3.689
1.2,0,92.4,166.0,0.75,58.83,38.19,3.958
1.5,1,44.3,90.6,4.78,87.65,118.63,4.683
1.5,1,104.9,226.0,2.4,44.59,25.51,3.289
1.2,0,64.7,140.2,5.98,79.17,73.46,6.02
1.5,1,109.0,131.6,5.61,40.85,22.48,3.51
1.0,0,90.1,191.9,5.98,77.35,51.51,5.375
1.2,0,53.5,73.5,1.87,23.76,26.65,1.142
2.0,0,74.8,86.4,4.88,8.3,6.66,0.804
1.5,0,25.0,41.0,3.73,58.66,140.99,4.666
2.0,1,89.2,201.3,2.4,10.38,6.99,0.894
1.2,0,70.6,149.3,4.84,10.75,9.13,0.8
2.7,0,73.2,98.0,0.51,87.18,71.41,9.017
1.0,0,96.6,162.9,2.36,8.72,5.41,0.452
2.4,1,40.7,67.5,2.31,77.58,114.25,6.163
1.5,1,109.6,142.3,3.29,65.08,35.63,4.549
2.4,1,81.6,174.1,5.55,88.62,65.18,10.779
2.7,0,86.6,177.3,3.29,29.2,20.22,4.543
1.5,0,102.6,128.4,0.63,50.9,29.78,4.143
1.5,0,112.9,196.7,1.84,91.94,48.88,7.053
1.5,0,52.1,88.2,4.21,44.5,51.25,2.944
1.0,0,36.3,50.2,4.33,86.94,143.65,4.74
2.2,1,85.4,168.1,2.96,11.39,8.01,0.827
1.5,0,99.5,181.6,4.27,91.64,55.25,7.286
2.2,1,32.3,60.1,0.82,37.17,69.09,2.484
2.0,1,113.2,221.2,5.41,45.46,24.11,5.45
1.0,0,64.3,121.5,0.59,79.37,74.06,3.172
2.4,1,30.8,74.5,3.92,85.01,165.54,8.167
2.4,1,97.0,160.7,2.61,66.46,41.11,5.149
2.4,1,25.9,45.5,1.57,17.91,41.43,1.292
1.0,0,80.8,181.4,5.38,27.43,20.38,2.088
2.7,0,58.4,109.9,4.43,4.95,5.09,0.57
1.2,0,99.7,133.9,1.1,52.56,31.64,2.912
2.0,1,81.0,140.3,1.43,33.98,25.16,2.422
2.7,0,83.4,207.2,3.99,37.39,26.89,5.866
1.5,1,60.7,118.6,4.22,70.19,69.33,3.83
2.7,0,24.9,51.6,4.49,99.36,239.48,15.666
1.2,0,40.1,52.7,5.28,94.3,141.07,6.048
1.2,0,26.5,61.9,4.39,25.63,58.05,1.996
2.7,0,115.1,284.6,0.52,13.78,7.18,2.066
1.5,1,26.9,54.4,5.59,96.99,216.38,6.821
2.4,1,77.2,144.1,3.06,73.06,56.82,6.264
1.5,1,50.4,110.9,2.76,69.09,82.22,3.709
1.5,0,38.7,56.4,1.24,60.48,93.67,3.8
1.2,0,22.2,33.7,2.26,44.58,120.72,2.925
1.5,1,101.8,138.7,2.48,56.44,33.25,3.912
1.5,1,113.6,223.2,5.35,14.88,7.86,1.249
2.2,1,57.8,89.8,3.72,31.55,32.73,2.431
1.2,0,105.4,209.4,1.68,34.94,19.89,2.402
1.5,1,115.9,167.3,1.86,94.5,48.91,5.992
2.2,1,37.6,56.3,0.84,31.79,50.78,2.203
1.2,0,45.9,56.3,1.64,77.56,101.3,4.037
1.5,1,35.1,58.4,3.46,84.67,144.94,4.634
2.0,0,45.4,75.3,5.12,44.95,59.38,4.26
2.0,1,91.6,206.0,5.47,11.65,7.63,1.182
1.2,0,22.6,37.7,4.06,9.69,25.78,0.617
1.2,0,15.4,19.3,2.43,10.19,39.77,0.932
1.5,1,95.2,119.9,1.67,62.89,39.63,3.094
1.2,0,92.2,113.6,2.13,92.81,60.41,6.43
1.2,0,119.1,218.8,2.08,79.5,40.05,6.112
1.2,0,104.7,145.4,4.76,2.81,1.61,0.201
2.0,0,77.7,106.7,2.51,25.79,19.92,2.033
1.0,0,84.6,93.8,1.28,23.88,16.95,1.092
1.2,0,58.1,70.0,4.63,79.2,81.81,5.358
2.0,1,97.6,209.6,0.53,31.05,19.08,2.596
2.0,1,22.5,50.8,2.99,85.86,229.2,8.207
2.0,0,93.1,133.9,3.72,69.49,44.78,6.592
2.7,0,98.9,240.5,5.39,46.82,28.41,8.214
1.2,0,72.5,113.7,3.97,8.73,7.23,0.541
2.2,1,16.3,38.2,2.45,15.0,55.22,1.48
2.0,1,106.4,212.6,5.61,84.56,47.67,8.967
1.5,1,47.0,81.6,1.02,29.65,37.86,1.323
2.0,0,52.7,88.3,5.09,52.31,59.59,5.473
2.4,1,109.6,155.0,0.67,44.47,24.34,4.166
1.5,1,51.5,68.8,5.11,87.89,102.48,5.2
1.2,0,56.6,114.1,5.06,79.57,84.42,6.856
1.0,0,27.8,39.1,5.26,86.02,185.37,6.067
2.2,1,37.2,82.3,3.14,54.56,88.06,5.224
2.7,0,41.3,45.7,2.68,49.54,72.03,5.714
1.5,0,48.8,96.5,5.42,84.28,103.72,6.18
1.5,1,112.5,176.8,1.92,73.16,39.01,4.472
1.2,0,42.4,69.9,3.28,89.48,126.7,5.49
2.4,1,20.1,31.1,2.67,26.31,78.43,2.014
2.0,0,70.9,120.5,4.37,85.44,72.35,7.606
1.5,1,65.7,159.2,2.66,71.39,65.17,3.433
1.2,0,98.0,236.4,3.93,90.0,55.08,6.073
2.4,1,96.1,142.2,4.57,78.29,48.89,7.68
2.7,0,46.9,100.2,3.05,60.56,77.4,7.859
1.5,1,33.7,40.7,3.9,85.17,151.66,4.62
2.4,1,64.8,102.3,1.09,76.62,70.96,5.535
2.4,1,56.9,80.5,2.44,73.4,77.4,5.502
1.2,0,20.5,33.1,0.76,12.21,35.66,0.621
1.2,0,91.7,129.4,5.47,50.14,32.79,4.479
1.2,0,91.6,101.8,4.54,14.85,9.73,0.923
2.0,1,82.3,146.6,0.53,65.67,47.9,4.796
1.5,0,111.8,152.7,1.53,57.4,30.8,4.03
2.7,0,29.6,35.8,3.74,20.29,41.16,2.799
1.0,0,46.2,111.2,5.79,87.08,113.02,5.465
2.4,1,98.3,199.2,2.76,51.39,31.37,5.213
1.5,0,107.4,130.3,1.58,97.91,54.7,8.078
2.4,1,116.6,144.1,5.46,45.63,23.48,5.071
2.7,0,107.8,254.6,2.1,17.26,9.61,2.622
2.4,1,26.7,46.6,1.49,75.01,168.55,5.312
2.2,1,73.9,158.1,3.78,95.5,77.57,8.04
2.0,0,98.7,126.9,0.9,20.41,12.4,1.824
2.4,1,79.2,112.0,4.02,97.3,73.69,8.479
1.2,0,32.9,62.1,3.73,66.9,121.84,5.377
2.7,0,105.7,154.2,3.64,84.7,48.1,14.875
1.2,0,82.2,90.7,1.89,29.31,21.41,1.721
1.2,0,48.7,119.7,4.18,43.75,53.88,3.018
1.0,0,107.2,217.1,2.18,49.16,27.52,3.487
2.0,1,29.7,39.3,5.61,68.96,139.17,7.122
1.2,0,16.5,38.7,3.19,55.24,200.85,4.647
1.5,1,32.7,70.2,5.03,85.88,157.42,5.875
2.4,1,56.6,117.0,4.57,52.0,55.12,5.006
1.2,0,58.3,131.1,3.49,52.15,53.67,3.484
1.2,0,74.7,158.2,4.76,65.6,52.7,4.521
2.0,0,75.9,122.2,3.58,44.97,35.57,3.827
2.0,0,34.2,60.9,2.4,21.99,38.63,1.915
2.4,1,73.6,167.8,1.51,85.1,69.38,6.338
2.4,1,39.9,44.7,0.61,61.97,93.26,4.297
1.0,0,27.8,49.3,2.61,52.2,112.83,2.965
2.7,0,95.5,183.3,0.97,85.16,53.5,9.886
2.0,0,111.2,265.7,0.93,13.85,7.47,1.673
1.0,0,40.0,87.1,1.95,73.27,109.87,3.585
2.7,0,83.7,113.1,3.45,75.27,53.97,11.21
1.2,0,62.5,113.5,3.42,82.35,79.04,4.722
1.5,0,84.6,187.6,2.26,65.24,46.25,4.821
1.0,0,93.1,111.2,1.42,82.5,53.16,3.823
2.0,1,115.6,206.5,3.59,42.73,22.17,4.084
2.0,0,98.0,218.3,5.41,7.04,4.31,0.896
1.5,1,88.8,189.4,4.12,99.68,67.38,7.064
2.7,0,58.8,120.1,1.23,33.93,34.64,3.407
1.2,0,17.0,40.8,4.76,40.63,143.3,4.075
2.0,1,75.6,138.0,2.73,82.17,65.21,5.461
2.7,0,63.2,93.0,2.89,24.14,22.93,2.576
1.2,0,88.3,198.2,1.85,77.55,52.71,5.782
1.5,0,19.4,26.9,1.6,8.39,25.96,0.702
1.0,0,21.1,25.2,5.28,46.71,133.04,2.999
1.5,0,70.1,113.7,5.27,32.4,27.74,2.289
1.2,0,97.4,111.4,3.72,60.26,37.11,5.016
2.0,1,44.3,76.0,2.46,74.16,100.5,5.412
1.5,0,23.4,46.1,0.79,39.48,101.34,2.539
1.0,0,46.5,104.5,0.79,53.92,69.6,2.489
1.5,0,100.1,216.8,4.69,44.36,26.61,4.723
1.0,0,53.5,62.2,2.53,50.89,57.04,2.198
1.5,0,94.6,157.1,2.32,97.56,61.89,7.352
1.2,0,82.4,156.6,3.38,65.18,47.46,5.035
2.7,0,76.8,130.2,2.3,64.82,50.67,6.42
1.5,0,39.4,93.9,1.1,25.33,38.61,1.734
2.0,1,15.5,30.9,5.28,67.88,263.06,8.05
1.5,0,108.8,185.8,3.65,96.82,53.38,9.827
2.4,1,22.2,43.0,5.79,6.5,17.58,0.694
2.7,0,68.6,97.7,2.72,38.57,33.72,4.656
2.0,0,99.1,219.5,3.62,33.94,20.55,3.748
1.5,1,43.0,81.8,5.89,46.41,64.81,2.962
1.2,0,41.6,62.1,5.37,9.87,14.23,0.756
1.2,0,111.8,124.9,2.53,27.21,14.61,1.95
2.0,0,112.7,265.5,2.36,54.07,28.78,6.801
1.2,0,21.8,39.4,3.81,2.57,7.08,0.181
2.0,0,38.0,51.6,5.23,94.59,149.43,9.964
1.0,0,30.2,54.2,5.74,63.25,125.54,4.269
2.0,1,34.4,39.5,2.27,48.5,84.56,4.145
1.5,1,36.5,63.8,3.04,81.45,133.77,5.205
2.0,0,53.4,64.1,2.42,68.62,77.14,5.818
1.2,0,81.7,137.0,0.77,63.42,46.56,3.774
1.2,0,72.2,175.5,2.52,98.05,81.47,6.647
2.4,1,35.1,45.6,2.99,4.15,7.09,0.346
1.5,1,85.4,184.7,1.15,48.36,33.99,2.546
2.0,0,88.2,211.4,4.42,42.21,28.71,4.282
2.4,1,54.6,120.7,3.4,41.41,45.48,3.301
2.4,1,117.1,230.5,5.21,52.65,26.98,6.054
2.7,0,83.6,149.7,4.8,70.08,50.29,10.615
1.5,0,59.9,89.9,3.12,87.54,87.76,5.454
1.5,0,73.6,166.0,1.51,75.65,61.7,5.004
2.4,1,20.3,35.8,0.82,72.41,214.43,5.409
1.5,0,72.2,177.9,4.32,50.19,41.7,3.996
2.0,0,68.7,129.5,1.26,91.73,80.07,6.756
2.0,0,44.5,106.7,5.8,16.26,21.92,1.958
1.2,0,37.9,65.3,5.96,49.88,78.86,4.345
2.0,1,60.0,78.6,1.58,33.2,33.21,2.146
1.2,0,42.0,98.5,2.3,57.53,82.13,3.788
2.4,1,35.6,80.2,0.94,86.83,146.2,7.441
2.4,1,94.7,210.0,5.75,79.96,50.67,8.936
2.4,1,85.4,143.0,3.13,66.38,46.63,6.502
1.2,0,111.3,172.9,3.42,96.21,51.88,9.418
2.7,0,34.3,81.0,3.28,8.58,15.02,1.209
2.0,1,75.1,132.3,3.16,57.98,46.33,4.861
2.0,1,119.4,170.7,1.82,69.31,34.82,6.47
1.2,0,24.4,34.8,1.72,74.7,183.67,3.732
2.2,1,53.6,109.4,1.8,70.7,79.21,4.712
1.2,0,73.6,151.6,1.81,83.92,68.45,5.356
1.5,0,101.2,203.5,4.45,79.19,46.95,8.441
1.5,1,32.3,55.0,2.75,72.55,134.77,3.745
1.5,0,49.2,84.8,4.75,63.29,77.11,4.173
2.4,1,23.3,39.6,3.44,14.16,36.39,1.383
1.5,1,30.3,46.5,1.72,40.25,79.71,2.019
2.7,0,50.6,97.6,4.54,76.68,90.85,8.836
1.0,0,86.9,193.7,2.58,75.19,51.89,4.694
1.5,1,95.4,185.0,3.26,63.05,39.64,3.509
1.2,0,117.8,200.7,0.87,47.17,24.02,3.217
2.0,0,76.6,117.5,4.27,82.55,64.65,7.221
1.2,0,102.0,158.2,2.14,31.9,18.76,2.796
1.5,1,77.0,116.4,0.88,41.12,32.05,1.676
1.0,0,31.7,76.9,5.03,97.28,184.25,6.478
2.0,1,100.1,223.1,2.53,57.59,34.53,6.426
2.0,1,29.2,49.4,1.0,27.8,57.17,2.009
1.2,0,55.5,84.0,0.59,21.21,22.93,1.154
2.0,1,86.8,170.6,3.9,68.93,47.67,5.995
1.5,1,50.9,65.0,3.8,38.85,45.76,2.155
1.0,0,103.3,143.6,5.94,90.21,52.38,6.558
2.7,0,94.2,226.3,4.3,68.1,43.39,9.311
1.5,0,21.4,32.9,1.25,53.54,149.79,3.531
1.0,0,93.2,229.4,5.33,13.6,8.75,0.936
2.0,0,35.2,40.3,2.31,4.36,7.44,0.409
2.0,0,92.0,103.9,2.68,89.23,58.22,8.396
1.5,1,88.4,185.7,4.69,83.39,56.62,5.209
2.0,1,54.9,126.2,0.93,58.44,63.84,4.314
2.0,1,44.6,66.3,4.89,97.45,130.99,7.315
1.5,1,81.5,164.6,3.1,17.29,12.73,1.029
1.0,0,93.9,229.6,2.87,37.81,24.16,2.168
1.5,1,79.1,107.6,4.11,46.75,35.47,2.498
2.7,0,60.6,84.5,5.31,49.82,49.32,6.356
2.7,0,69.2,104.4,5.11,53.18,46.11,7.255
1.0,0,84.1,124.8,5.01,32.21,22.99,2.287
1.2,0,37.4,88.8,5.4,47.6,76.32,4.186
1.0,0,52.4,77.0,3.87,35.77,40.95,1.72
1.5,1,57.9,79.6,5.79,17.14,17.75,1.089
1.2,0,93.1,216.5,1.15,76.52,49.32,4.752
1.2,0,117.3,222.6,5.49,86.19,44.1,7.231
1.5,1,48.8,59.0,3.01,82.2,101.07,3.875
2.0,1,87.2,134.9,1.73,80.52,55.39,5.483
1.2,0,35.2,57.3,2.66,87.66,149.6,6.307
2.2,1,49.2,84.2,1.64,67.74,82.65,4.146
2.2,1,115.5,155.7,1.3,43.27,22.47,3.322
1.2,0,32.1,78.2,4.38,24.86,46.52,1.974
1.2,0,52.4,130.9,3.43,38.77,44.37,2.382
2.7,0,120.0,266.7,2.86,68.31,34.16,11.867
1.2,0,21.1,27.8,5.71,55.2,156.78,4.345
2.2,1,45.1,100.5,0.68,60.21,80.1,4.449
2.0,1,24.2,51.3,1.25,35.27,87.32,3.134
1.5,1,116.6,142.8,3.13,8.12,4.18,0.586
2.7,0,33.4,48.9,4.62,18.07,32.44,2.666
1.2,0,18.7,30.9,5.89,12.81,41.11,1.238
1.2,0,60.0,94.3,0.5,89.32,89.3,5.238
1.0,0,112.1,220.0,3.82,91.49,48.99,6.249
2.2,1,51.3,83.1,4.27,33.4,39.07,2.535
2.7,0,32.4,56.3,1.7,90.05,166.54,9.949
1.5,0,42.7,62.3,2.43,91.76,129.05,5.642
1.2,0,35.7,41.7,4.8,55.1,92.57,3.624
2.2,1,81.6,139.0,0.6,54.9,40.35,4.332
2.7,0,43.8,80.9,0.87,43.65,59.74,4.039
2.7,0,116.5,247.2,4.45,10.87,5.6,2.104
1.2,0,38.7,51.3,2.7,71.85,111.53,3.932
1.2,0,26.1,50.2,1.84,18.29,41.99,1.02
2.2,1,31.4,44.6,3.21,80.49,153.97,6.74
2.4,1,99.5,142.7,5.36,95.4,57.53,8.964
2.2,1,109.0,240.4,5.85,61.62,33.92,7.755
2.4,1,102.8,229.5,5.78,26.6,15.53,3.363
1.5,0,58.1,101.2,5.8,83.42,86.15,6.006
2.2,1,23.6,38.4,5.97,6.75,17.21,0.681
1.5,0,100.5,231.4,1.15,29.76,17.77,2.643
1.2,0,116.0,197.9,4.16,54.07,27.95,3.8
2.2,1,98.2,128.5,5.9,74.22,45.34,7.161
2.7,0,115.7,281.7,3.91,73.36,38.06,13.594
2.4,1,17.0,27.2,1.05,31.43,110.7,2.68
2.7,0,32.7,75.3,5.62,77.95,142.84,14.485
1.2,0,47.1,72.6,5.28,56.8,72.33,4.59
2.0,0,51.1,92.4,0.84,17.11,20.09,1.196
1.2,0,92.0,126.2,2.02,94.54,61.62,5.223
2.4,1,69.8,147.7,1.94,93.61,80.45,6.742
2.0,0,70.4,152.6,2.47,72.25,61.54,6.577
2.7,0,107.7,179.5,1.98,21.45,11.95,2.899
1.2,0,114.8,143.4,3.6,34.35,17.96,3.048
1.0,0,54.8,62.5,4.53,79.58,87.19,4.013
2.2,1,104.4,142.9,2.92,4.4,2.53,0.381
2.0,0,93.7,163.3,1.4,26.69,17.08,2.213
2.4,1,15.5,36.5,1.32,46.15,178.93,4.716
2.0,1,50.1,94.1,2.4,42.81,51.32,3.219
2.7,0,54.2,118.4,5.36,7.85,8.69,1.198
1.5,1,50.0,61.7,3.58,13.05,15.65,0.634
2.7,0,37.5,46.2,3.43,75.19,120.18,10.194
2.4,1,66.4,113.7,2.1,39.49,35.68,2.809
1.0,0,88.6,220.3,5.64,54.25,36.73,4.053
2.4,1,31.0,51.9,4.84,89.18,172.58,8.537
2.0,1,85.4,122.7,2.23,21.2,14.89,1.825
1.2,0,79.2,161.3,1.8,45.58,34.51,2.859
1.5,1,19.8,47.5,1.1,6.95,21.1,0.501
1.5,1,62.9,152.6,1.49,68.15,65.06,3.309
2.0,0,106.5,180.6,1.77,28.71,16.18,2.711
1.5,1,90.3,131.0,3.75,54.34,36.1,3.485
2.0,1,102.3,142.9,4.02,5.94,3.48,0.568
2.0,0,17.6,33.6,5.12,39.23,134.03,4.993
2.4,1,101.9,169.5,5.06,72.92,42.93,9.606
2.0,1,87.9,125.2,5.22,47.7,32.55,4.807
2.4,1,17.9,27.5,4.42,16.47,55.2,1.786
2.0,0,101.5,212.0,4.15,12.17,7.19,1.533
2.2,1,29.4,50.5,1.31,90.36,184.24,6.892
2.2,1,101.0,224.7,5.7,99.76,59.26,13.69
2.4,1,118.0,237.4,4.44,21.13,10.74,2.645
1.2,0,68.3,129.1,5.69,28.13,24.69,1.966
2.2,1,119.4,189.6,4.68,14.97,7.52,1.502
2.4,1,35.2,43.6,2.88,9.4,16.04,0.858
2.2,1,70.8,105.9,1.03,47.76,40.45,3.039
1.5,0,102.1,151.2,3.1,65.37,38.39,6.539
1.5,1,24.7,39.7,4.86,70.91,172.45,3.852
1.2,0,98.8,159.1,1.38,41.6,25.27,2.687
1.0,0,110.8,213.0,2.7,86.57,46.87,4.874
2.0,0,81.0,127.9,3.41,39.94,29.58,4.247
1.2,0,88.7,123.7,2.02,57.54,38.91,3.429
2.7,0,103.5,139.3,5.47,45.21,26.2,8.607
1.5,1,82.9,153.9,3.49,79.42,57.48,4.647
1.0,0,53.0,122.0,5.66,23.57,26.69,1.564
2.4,1,76.2,173.6,5.73,56.91,44.82,5.275
2.4,1,23.0,45.8,4.95,36.63,95.53,3.081
1.2,0,50.6,73.3,4.29,97.02,114.98,6.785
1.2,0,78.1,101.4,4.97,61.22,47.06,3.824
2.0,0,47.1,67.5,3.18,23.18,29.54,2.054
1.2,0,94.1,139.2,3.96,4.41,2.81,0.297
1.5,1,111.9,271.5,4.26,22.71,12.18,1.598
1.0,0,116.4,203.3,5.2,47.57,24.53,3.729
2.2,1,41.2,70.5,3.97,18.81,27.37,1.485
2.4,1,91.7,180.9,4.5,79.59,52.1,7.236
2.0,0,57.2,116.3,5.64,4.02,4.22,0.399
1.2,0,82.9,125.1,3.22,6.11,4.42,0.377
1.5,1,113.0,218.6,3.14,15.9,8.44,1.186
1.2,0,108.4,233.3,0.53,41.96,23.23,2.914
2.7,0,38.4,45.9,1.99,40.98,63.96,4.657
1.2,0,82.4,182.3,3.84,20.6,15.0,1.454
1.2,0,45.3,53.8,2.62,37.9,50.24,1.973
1.5,1,46.7,54.4,3.56,83.82,107.57,4.294
2.2,1,59.5,91.6,5.12,78.21,78.84,6.646
2.4,1,66.9,85.6,3.63,50.23,45.03,4.033
1.0,0,63.5,100.0,0.69,17.43,16.46,0.67
2.0,0,114.8,230.6,2.03,54.09,28.27,6.711
2.7,0,102.5,191.4,5.21,52.42,30.69,10.336
2.0,1,79.8,143.9,5.55,43.01,32.36,4.012
1.2,0,65.6,89.6,5.66,3.01,2.75,0.222
1.5,1,55.4,68.1,2.17,50.81,55.06,2.277
2.7,0,74.5,120.7,5.41,16.25,13.09,2.221
1.0,0,90.3,112.0,3.94,13.08,8.69,0.715
2.4,1,47.6,94.1,5.37,21.09,26.56,1.986
2.2,1,59.3,73.3,1.16,59.22,59.93,4.056
2.0,1,55.6,121.0,1.37,70.72,76.35,5.27
2.7,0,53.6,123.8,0.66,45.1,50.48,4.972
2.7,0,103.4,182.0,5.8,68.58,39.78,13.706
1.2,0,36.2,62.3,5.89,38.3,63.54,3.09
2.4,1,62.5,143.2,4.78,85.42,82.01,7.174
2.0,0,44.7,56.0,4.26,16.01,21.48,1.471
2.4,1,102.1,158.9,5.76,47.66,28.01,6.32
2.0,0,93.9,190.4,2.82,73.59,47.0,7.925
1.2,0,92.5,204.2,3.32,54.55,35.38,4.323
1.0,0,110.0,250.5,0.56,87.2,47.56,4.883
1.5,0,22.1,54.2,5.85,61.87,168.11,5.907
2.7,0,95.0,134.2,2.93,74.25,46.88,9.196
1.2,0,68.3,145.6,5.87,5.63,4.95,0.401
1.2,0,117.0,236.0,2.08,25.6,13.12,2.15
2.0,1,119.3,195.8,3.05,31.43,15.8,3.111
2.0,1,93.6,146.7,4.35,96.65,61.94,7.872
1.5,1,36.1,47.7,0.92,91.37,152.0,4.325
2.0,1,99.9,166.8,3.44,96.62,58.05,8.253
2.0,1,52.0,128.6,2.14,2.7,3.12,0.212
1.2,0,85.4,198.7,5.14,22.11,15.53,1.917
1.5,1,95.9,182.0,4.03,12.2,7.63,0.665
1.5,0,101.2,177.4,1.73,83.79,49.65,6.113
2.7,0,62.6,109.4,2.0,90.22,86.52,8.28
2.0,0,105.7,191.4,5.64,83.5,47.4,12.381
2.0,1,66.1,102.4,2.43,68.09,61.8,4.412
2.7,0,64.0,120.5,5.37,58.75,55.08,7.498
1.2,0,43.7,77.1,2.75,36.65,50.38,2.062
1.0,0,46.7,94.6,2.26,44.25,56.87,2.031
1.5,1,88.1,140.4,5.01,35.6,24.24,2.327
1.5,0,88.6,114.8,4.12,77.1,52.21,6.168
2.7,0,44.1,63.4,5.28,63.29,86.14,7.692
2.2,1,50.3,81.1,4.8,56.09,66.97,4.588
1.5,0,73.1,114.4,1.84,81.89,67.23,4.311
1.2,0,81.6,101.6,3.36,58.6,43.08,4.71
2.0,1,116.8,136.9,2.42,10.28,5.28,1.055
2.2,1,90.0,203.1,0.99,31.44,20.96,2.266
2.0,0,69.0,140.1,1.76,15.61,13.57,1.196
2.4,1,35.7,45.8,2.35,77.56,130.34,6.026
2.4,1,101.3,173.6,3.98,9.42,5.58,1.034
2.2,1,77.5,99.5,2.71,57.76,44.73,4.018
2.7,0,88.6,172.7,0.61,21.39,14.49,2.449
1.5,0,108.7,236.7,5.98,26.89,14.84,3.073
2.7,0,80.4,101.4,1.2,9.05,6.75,1.08
1.5,1,100.1,162.4,4.36,21.36,12.81,1.367
2.7,0,44.5,103.5,5.26,54.32,73.16,7.291
2.2,1,67.9,127.8,1.82,56.57,50.01,3.717
2.4,1,103.7,182.1,5.06,78.59,45.48,9.876
2.0,0,32.9,39.5,1.16,17.78,32.47,1.525
2.7,0,19.0,45.6,1.5,91.42,288.53,12.829
1.5,0,101.4,165.1,0.52,68.8,40.69,5.213
2.7,0,78.7,166.0,0.98,63.53,48.45,6.923
2.4,1,55.8,114.4,1.75,27.42,29.5,1.961
2.7,0,33.0,36.8,5.22,56.89,103.33,8.626
1.5,0,21.9,41.3,3.26,50.14,137.67,4.013
1.0,0,84.6,152.6,2.34,83.0,58.86,4.574
1.5,1,100.4,159.0,3.27,61.57,36.81,4.327
2.2,1,49.4,104.6,5.58,64.45,78.31,6.523
2.7,0,34.0,63.7,5.48,79.29,139.88,13.307
1.5,1,58.0,123.1,1.94,9.65,9.97,0.447
1.2,0,85.4,102.0,0.8,59.47,41.76,3.509
2.0,0,63.1,152.1,1.04,79.38,75.53,6.293
2.2,1,112.7,205.7,0.62,4.83,2.57,0.393
1.5,1,44.4,82.2,4.34,63.8,86.27,3.623
1.5,1,20.4,25.8,5.74,46.23,136.11,2.969
2.4,1,78.6,144.4,0.6,9.07,6.92,0.563
2.0,1,57.1,89.7,4.01,54.5,57.27,4.3
1.2,0,103.8,123.0,5.74,11.94,6.9,1.278
2.0,1,60.2,89.8,5.13,21.58,21.51,1.962
1.5,1,44.3,72.8,5.49,85.87,116.42,5.056
2.2,1,51.0,117.1,5.11,3.13,3.68,0.293
1.5,0,118.5,191.4,2.43,64.47,32.65,5.976
1.2,0,50.9,70.7,5.62,2.92,3.44,0.191
1.2,0,80.1,148.3,3.59,89.22,66.85,6.643
1.2,0,111.8,237.7,3.23,77.13,41.39,7.071
2.4,1,17.8,35.7,4.93,94.74,318.9,12.107
2.2,1,114.9,139.1,3.7,91.72,47.9,8.376
2.7,0,73.4,145.6,5.94,91.92,75.15,12.152
2.4,1,37.6,50.4,2.46,87.9,140.43,7.321
2.4,1,33.8,60.5,5.3,77.8,138.05,7.378
1.5,1,44.8,55.4,3.14,94.74,126.99,5.003
1.0,0,78.1,156.5,1.84,93.82,72.11,3.91
2.7,0,107.1,135.9,3.89,60.86,34.08,10.569
2.4,1,103.9,253.1,0.61,36.55,21.11,3.74
1.5,1,70.5,160.9,5.72,54.78,46.62,3.841
1.5,0,91.2,110.7,2.98,68.27,44.91,4.705
2.4,1,57.1,72.0,4.45,82.76,86.91,6.924
1.0,0,31.6,36.2,5.41,75.77,144.02,5.032
2.0,0,75.4,96.6,1.47,14.95,11.9,1.065
1.5,0,91.0,207.6,3.06,78.94,52.05,6.823
2.2,1,86.0,182.0,2.46,57.99,40.47,5.457
1.0,0,38.9,53.2,4.22,42.64,65.83,2.218
2.4,1,99.7,221.0,3.22,48.31,29.07,4.967
2.7,0,17.4,23.0,2.42,97.23,335.95,16.23
1.2,0,82.0,134.0,0.54,26.72,19.55,1.753
1.5,0,85.1,128.7,5.64,46.28,32.63,3.9
1.2,0,114.3,277.0,2.19,81.38,42.72,6.449
1.2,0,96.3,209.6,3.24,79.97,49.8,5.505
1.5,1,96.1,218.0,4.92,62.88,39.27,3.968
2.0,1,28.9,47.6,4.39,97.26,201.77,8.084
2.0,0,119.7,258.5,4.54,8.27,4.15,1.07
1.5,0,52.9,100.5,5.33,29.73,33.71,2.35
2.4,1,112.4,229.6,4.91,6.84,3.65,0.828
2.4,1,54.9,72.4,2.44,16.76,18.33,1.302
1.0,0,74.6,99.8,1.27,63.07,50.74,2.528
1.2,0,37.2,55.8,5.29,89.15,143.78,6.776
2.0,0,92.7,135.4,3.3,56.15,36.33,5.544
2.0,0,89.1,130.1,2.05,11.1,7.48,1.079
2.7,0,57.8,66.7,1.8,78.36,81.28,8.002
1.5,0,114.3,234.2,4.63,68.64,36.02,7.348
2.2,1,73.9,129.0,5.45,23.53,19.1,2.081
2.0,1,45.9,62.3,3.93,30.81,40.24,2.222
2.0,0,29.3,61.1,5.56,58.48,119.83,6.934
2.4,1,113.3,249.3,5.21,16.1,8.52,1.998
1.2,0,64.8,122.5,4.38,6.63,6.14,0.347
2.7,0,23.7,57.5,0.96,54.67,138.17,7.113
1.5,0,66.1,114.0,4.79,71.89,65.28,5.035
2.0,1,81.8,151.7,3.84,68.9,50.51,5.734
1.2,0,86.2,120.5,1.76,31.92,22.22,2.112
2.4,1,23.6,38.5,1.46,65.64,166.89,5.292
2.0,0,89.9,155.0,2.06,53.29,35.59,4.874
2.2,1,92.2,228.5,2.12,65.18,42.43,6.072
1.2,0,103.2,161.2,4.61,82.11,47.72,7.786
2.4,1,99.0,229.3,4.32,20.23,12.26,1.856
1.5,1,56.0,130.7,1.39,42.61,45.65,1.999
1.2,0,65.8,136.6,5.19,21.16,19.3,1.687
2.7,0,76.4,94.4,3.65,95.44,74.98,11.091
2.7,0,98.8,203.9,5.84,18.72,11.37,3.371
2.7,0,52.8,96.7,0.69,32.63,37.05,3.045
1.2,0,58.5,131.2,2.63,61.11,62.7,3.317
1.0,0,40.3,96.5,5.27,26.62,39.62,1.808
2.0,0,109.0,120.4,5.64,15.47,8.51,1.896
2.2,1,43.2,106.7,5.22,75.08,104.35,6.308
2.4,1,61.4,132.7,2.04,23.32,22.78,1.789
1.5,0,77.9,137.1,2.35,38.68,29.79,2.369
1.5,0,39.5,88.6,4.4,2.55,3.87,0.243
2.7,0,57.6,108.1,1.89,5.48,5.71,0.585
2.2,1,112.6,236.2,5.96,91.13,48.58,11.4
1.2,0,59.4,128.5,5.11,11.29,11.4,0.808
1.0,0,74.3,114.1,3.84,37.87,30.56,1.778
2.4,1,59.6,132.8,0.99,86.23,86.75,6.085
2.2,1,39.6,48.5,1.01,69.9,105.94,4.737
2.2,1,86.6,196.9,1.18,44.89,31.11,3.51
1.5,1,107.4,182.6,0.91,53.88,30.09,3.256
1.2,0,30.2,46.9,1.4,7.84,15.59,0.479
1.5,0,75.7,116.0,4.6,6.68,5.3,0.417
2.0,1,60.6,95.6,3.84,70.79,70.09,5.153
2.2,1,111.8,192.7,3.17,25.3,13.58,2.502
1.5,1,40.4,56.1,2.68,86.27,128.2,3.764
2.4,1,108.8,138.2,3.96,22.92,12.64,2.528
1.5,1,25.7,49.2,4.26,68.67,160.46,4.233
2.2,1,76.6,126.4,2.5,27.91,21.87,1.729
2.7,0,44.0,102.2,1.29,87.78,119.83,9.472
2.0,1,47.0,73.3,3.29,36.68,46.88,2.923
2.0,1,85.5,166.4,1.84,81.65,57.28,6.42
2.0,1,48.5,75.8,3.26,29.74,36.76,2.276
2.4,1,115.5,284.4,4.03,37.24,19.34,4.704
1.5,1,17.2,21.6,1.96,8.42,29.32,0.523
2.0,0,57.8,142.9,2.2,76.23,79.12,6.912
2.2,1,109.8,138.3,2.23,10.9,5.96,0.993
2.4,1,90.9,167.8,5.36,46.05,30.39,4.432
1.5,1,44.4,52.1,1.19,61.69,83.43,2.74
2.4,1,91.4,199.4,5.56,59.32,38.96,7.131
2.0,1,42.1,64.5,3.13,3.87,5.51,0.287
1.5,1,77.8,116.0,4.67,21.29,16.41,1.174
1.5,1,72.4,127.7,2.61,20.91,17.34,0.929
2.0,1,73.1,150.0,4.57,41.39,33.97,3.241
1.5,1,49.6,120.3,3.26,48.28,58.4,2.665
1.5,0,18.1,23.5,0.97,27.8,92.08,2.198
2.0,1,31.3,63.9,0.64,46.1,88.32,3.8
1.2,0,93.7,191.8,5.84,51.86,33.2,4.249
1.5,0,106.9,266.4,3.35,11.14,6.25,1.059
2.0,0,41.8,82.3,2.96,49.22,70.7,4.366
2.0,0,33.2,58.7,3.07,50.27,90.81,5.175
1.5,1,87.1,155.1,4.85,81.9,56.45,4.649
1.5,1,104.5,176.4,5.95,16.89,9.7,1.329
1.2,0,45.2,70.4,2.83,66.23,87.95,3.312
2.7,0,54.2,71.5,1.0,54.13,59.89,5.928
2.0,1,44.0,60.3,4.32,54.57,74.46,4.312
1.2,0,16.7,35.3,3.95,69.16,248.22,7.201
2.2,1,30.7,73.4,1.78,99.31,194.06,8.134
2.7,0,111.6,247.0,2.86,8.72,4.69,1.53
2.2,1,98.0,210.1,2.02,86.17,52.74,6.748
2.7,0,119.3,226.5,1.26,28.68,14.43,3.614
1.2,0,39.4,79.6,3.08,46.92,71.39,4.17
1.2,0,42.0,64.4,4.09,16.73,23.88,1.142
2.7,0,97.2,218.0,0.75,71.49,44.13,9.443
1.0,0,25.1,55.7,5.85,19.76,47.2,1.517
2.0,0,50.2,74.3,5.56,24.79,29.64,2.463
1.2,0,47.5,73.9,3.76,91.95,116.22,5.529
2.0,0,104.2,174.5,4.46,69.81,40.19,7.884
1.5,1,74.4,156.5,5.02,76.47,61.63,4.472
2.0,0,58.1,117.5,2.55,70.16,72.44,5.979
2.0,1,75.8,174.9,1.06,31.5,24.92,2.233
2.0,1,101.4,140.7,5.26,50.78,30.06,5.811
2.7,0,47.4,108.3,3.28,62.74,79.45,7.849
1.5,1,99.8,222.3,3.24,53.61,32.23,3.677
2.0,0,53.8,117.7,1.74,79.16,88.34,6.702
2.0,1,64.8,139.1,0.57,31.95,29.56,2.349
1.2,0,15.3,27.7,5.58,86.63,340.51,8.228
1.2,0,88.2,98.5,4.01,55.08,37.48,3.986
2.0,0,117.5,276.3,1.62,21.07,10.76,2.376
2.2,1,29.8,49.4,0.87,76.34,153.48,5.429
2.7,0,55.1,103.8,5.19,54.14,58.94,7.993
2.0,1,115.1,244.4,5.33,83.44,43.5,10.261
2.0,1,41.2,73.3,3.48,77.1,112.35,5.841
2.7,0,29.6,52.7,3.14,33.72,68.43,5.042
1.5,1,109.6,139.6,1.84,16.93,9.27,0.93
1.5,0,106.7,199.0,3.59,2.67,1.5,0.271
2.7,0,34.8,75.9,2.41,53.99,92.98,7.677
1.2,0,108.1,230.7,3.18,10.08,5.6,1.044
2.0,1,74.9,113.1,1.83,33.78,27.07,2.316
1.5,0,70.8,151.6,0.57,90.24,76.48,5.544
2.7,0,26.0,39.1,5.91,60.12,138.7,8.944
1.2,0,82.3,105.7,5.03,78.3,57.07,6.753
2.2,1,34.2,76.0,2.57,71.36,125.17,6.624
1.5,1,108.6,209.6,3.46,99.84,55.18,7.099
2.0,0,22.6,40.8,1.19,84.18,223.2,7.543
2.4,1,54.2,91.7,3.51,99.18,109.84,7.492
2.0,0,20.1,49.4,1.91,93.75,279.45,8.435
1.2,0,71.6,95.9,2.73,44.65,37.41,2.992
1.0,0,92.1,215.9,4.55,90.53,58.97,5.216
2.4,1,59.7,116.0,3.65,58.33,58.66,4.439
1.0,0,42.4,67.1,3.33,85.78,121.26,4.496
1.5,0,76.5,89.2,4.48,67.69,53.09,4.521
2.7,0,21.9,46.8,2.58,94.98,260.09,13.004
1.5,1,46.4,89.7,5.99,52.72,68.17,3.365
2.0,1,19.7,28.3,3.77,5.49,16.68,0.628
1.5,0,93.4,141.5,1.85,98.88,63.49,5.935
2.2,1,89.9,127.1,1.1,76.66,51.18,6.015
1.2,0,115.0,239.0,4.65,76.24,39.79,5.901
1.2,0,65.4,79.3,4.71,40.37,37.05,2.805
2.0,1,84.4,92.8,0.85,42.01,29.88,3.33
1.0,0,38.5,65.7,5.89,23.06,35.95,1.595
2.2,1,68.8,90.8,3.95,60.04,52.37,4.077
1.2,0,47.4,70.8,2.38,23.41,29.61,1.289
2.7,0,108.5,212.4,5.32,53.65,29.66,8.976
2.4,1,101.6,222.6,3.94,27.02,15.96,2.956
2.2,1,68.5,169.3,0.85,21.61,18.92,1.523
2.0,0,41.1,75.2,0.63,44.31,64.69,3.33
2.4,1,99.4,221.8,4.38,45.91,27.7,4.471
2.0,1,29.6,34.4,0.55,77.95,157.89,5.271
2.2,1,98.4,239.3,1.77,62.47,38.11,5.322
2.0,0,74.0,123.1,1.93,92.75,75.17,7.462
2.0,0,92.7,105.9,4.32,93.59,60.61,9.343
2.4,1,104.6,193.4,2.79,35.11,20.14,3.197
2.2,1,99.5,222.3,1.16,31.55,19.02,2.634
1.5,0,59.9,120.0,2.06,34.5,34.58,2.205
1.5,1,56.9,80.8,2.3,85.57,90.3,4.091
1.2,0,72.1,92.8,0.53,29.5,24.53,1.673
1.2,0,116.4,265.4,3.59,89.26,46.03,8.628
1.2,0,21.0,26.8,2.97,22.71,64.75,1.309
2.0,0,52.6,99.0,2.77,18.56,21.15,1.383
1.0,0,76.2,181.8,4.74,60.64,47.77,3.016
1.2,0,100.7,142.2,1.16,51.11,30.45,3.945
2.0,0,69.1,97.0,4.53,59.86,52.0,5.525
1.2,0,91.3,220.2,1.8,28.48,18.71,1.576
2.0,0,71.5,176.1,2.7,23.56,19.77,1.971
1.5,0,63.9,150.2,4.75,24.24,22.77,1.967
1.2,0,52.5,108.6,3.09,34.25,39.11,2.394
1.5,1,111.1,212.7,4.87,3.61,1.95,0.25
2.7,0,34.9,72.3,2.74,78.63,135.19,11.399
1.5,0,74.1,158.6,3.98,60.8,49.23,4.806
2.0,1,100.8,249.8,5.71,71.24,42.4,9.898
2.7,0,65.5,130.9,4.87,89.74,82.26,12.396
1.2,0,45.9,60.0,3.02,90.2,117.96,5.31
2.0,0,40.2,73.0,4.63,45.83,68.48,4.183
2.7,0,51.6,97.7,0.92,12.41,14.42,1.349
2.7,0,43.9,68.4,2.61,9.36,12.79,1.079
2.2,1,50.3,90.4,4.36,77.64,92.65,5.698
2.2,1,90.7,137.4,1.03,89.68,59.34,6.674
1.0,0,75.1,163.1,3.64,75.97,60.69,3.843
2.0,0,115.5,265.5,0.56,88.8,46.13,8.938
2.2,1,95.3,229.3,2.27,50.4,31.75,4.058
2.0,1,58.1,130.5,4.32,2.59,2.68,0.216
2.4,1,22.1,28.3,1.12,87.5,237.51,7.286
2.0,1,81.2,168.4,2.65,38.28,28.29,3.557
2.7,0,50.8,102.8,3.52,29.29,34.6,3.69
1.2,0,115.9,255.8,1.3,74.37,38.51,5.433
1.0,0,27.4,48.4,2.7,72.74,159.28,4.181
1.5,1,31.7,71.3,2.87,40.23,76.27,2.514
2.7,0,44.5,104.6,2.33,58.7,79.23,6.734
2.4,1,32.3,40.2,0.51,22.23,41.29,1.674
2.7,0,78.1,148.7,0.95,67.69,52.02,6.728
1.5,1,17.0,24.1,4.4,31.49,110.95,2.494
2.7,0,45.4,82.8,4.17,20.95,27.66,2.386
2.0,1,118.4,178.6,5.16,99.76,50.57,11.938
2.0,1,61.3,131.7,2.16,71.28,69.81,5.296
1.5,0,105.4,178.1,2.36,61.14,34.81,4.897
2.4,1,118.5,190.4,4.74,38.27,19.37,4.048
1.0,0,100.7,230.9,1.79,60.76,36.19,4.027
2.4,1,112.9,266.9,1.64,27.38,14.55,2.537
2.2,1,79.8,163.4,3.95,80.53,60.58,6.951
1.5,0,56.0,111.1,5.71,18.68,20.02,1.332
1.5,1,73.1,177.5,1.06,72.79,59.75,3.707
2.2,1,49.7,112.2,5.17,24.81,29.94,2.217
2.0,1,29.1,54.0,4.44,18.22,37.59,1.688
2.4,1,117.8,141.8,1.69,76.15,38.78,6.909
1.2,0,96.1,137.1,4.55,57.36,35.8,4.129
2.4,1,26.3,65.2,5.13,43.47,99.18,5.186
1.0,0,49.3,91.4,3.75,57.4,69.91,2.952
1.2,0,61.5,110.6,2.89,55.05,53.68,3.625
2.7,0,91.4,151.4,5.8,57.7,37.88,9.444
1.2,0,56.7,106.8,2.71,25.59,27.1,1.293
2.0,1,41.4,81.2,4.98,46.32,67.17,3.5
2.4,1,98.2,169.6,5.75,16.49,10.08,1.826
2.0,0,18.0,41.9,3.84,81.87,273.11,11.256
2.2,1,85.4,169.9,5.58,63.41,44.57,6.04
1.5,1,118.0,235.2,1.56,13.68,6.96,0.875
2.4,1,77.6,124.7,4.15,26.52,20.51,1.924
1.5,1,24.2,38.1,1.32,61.24,151.76,3.048
2.2,1,69.5,114.6,2.99,96.69,83.5,6.164
1.5,0,119.9,181.4,2.73,87.39,43.73,7.626
1.5,0,109.3,235.0,1.75,65.09,35.72,5.99
1.2,0,30.4,73.4,1.44,38.26,75.56,2.528
2.4,1,77.5,115.1,5.77,41.72,32.31,3.723
2.4,1,114.3,261.0,2.92,49.24,25.85,5.79
1.5,1,87.0,142.2,1.2,82.0,56.55,4.462
1.2,0,85.2,112.5,4.06,39.46,27.79,2.506
1.5,0,77.2,155.0,5.81,70.72,54.97,6.17
1.5,0,85.3,110.7,4.55,65.27,45.92,5.632
1.0,0,28.6,56.9,2.3,28.95,60.69,1.554
1.2,0,27.9,53.5,5.52,90.84,195.48,7.289
1.2,0,50.1,75.9,0.68,95.27,114.04,5.294
1.0,0,55.0,132.4,1.76,33.34,36.34,1.603
1.2,0,97.8,186.4,5.25,55.91,34.3,3.91
2.4,1,95.8,216.8,1.23,79.6,49.87,6.623
1.5,0,118.3,160.7,3.05,64.56,32.74,6.43
2.0,1,17.3,35.6,1.56,43.41,150.77,4.421
2.7,0,62.9,140.4,4.81,42.62,40.67,5.628
1.5,0,72.4,92.8,0.7,89.95,74.51,5.581
2.0,1,72.7,134.9,2.55,57.75,47.65,4.064
1.5,1,94.3,173.2,2.28,58.98,37.52,3.335
1.2,0,101.1,238.9,1.08,89.52,53.11,5.947
1.2,0,94.2,160.9,2.51,72.16,45.96,4.789
1.2,0,64.5,86.6,2.58,30.54,28.42,1.97
2.2,1,82.3,168.1,3.01,9.95,7.25,0.981
2.0,0,19.1,35.2,3.61,9.73,30.53,1.21
2.7,0,117.8,169.7,3.85,85.03,43.32,14.606
1.5,0,102.5,126.3,2.72,21.55,12.62,1.966
1.2,0,32.5,40.6,1.34,23.39,43.24,1.168
1.2,0,84.7,204.9,5.74,66.57,47.16,5.692
1.0,0,90.5,105.9,4.8,51.18,33.95,3.031
2.7,0,26.4,38.9,5.08,82.78,187.89,12.275
1.2,0,85.6,150.8,1.61,89.09,62.47,5.052
2.4,1,59.7,100.2,2.17,87.94,88.45,6.511
2.2,1,31.1,60.4,4.11,43.06,83.05,3.695
1.5,0,18.6,21.6,2.85,66.64,214.95,5.731
1.2,0,115.4,250.4,5.82,5.5,2.86,0.544
2.7,0,97.1,158.6,1.03,57.67,35.63,6.34
2.2,1,112.2,256.8,2.7,99.3,53.09,9.23
1.0,0,99.5,190.0,0.7,84.62,51.04,3.691
1.0,0,79.7,114.7,4.49,61.52,46.29,3.228
2.0,1,41.5,53.1,4.12,24.16,34.89,1.69
1.5,1,91.4,213.1,5.48,53.84,35.35,4.031
1.2,0,113.4,207.0,3.1,22.91,12.12,2.168
2.7,0,66.6,112.5,4.12,91.93,82.86,12.017
2.7,0,42.5,95.0,3.35,46.4,65.52,6.382
2.2,1,111.8,129.2,2.04,7.59,4.07,0.662
2.7,0,91.9,148.7,5.59,4.29,2.8,0.687
2.0,0,16.5,28.9,4.59,50.91,185.63,6.689
1.0,0,49.3,104.5,4.09,17.95,21.85,1.079
1.2,0,51.7,74.3,4.2,38.96,45.25,2.285
1.5,1,94.9,154.3,3.62,46.07,29.12,2.969
2.0,0,80.0,118.8,5.05,18.11,13.57,1.874
2.7,0,84.0,131.3,4.17,93.9,67.1,13.352
1.5,1,102.8,183.8,0.91,66.11,38.6,3.633
1.2,0,77.9,142.8,4.45,5.96,4.59,0.402
2.4,1,48.1,97.5,1.37,32.27,40.25,2.462
1.5,0,17.4,32.7,4.03,33.03,114.17,3.038
1.5,0,26.5,66.0,1.41,78.57,178.02,6.054
1.2,0,79.8,87.8,3.53,97.57,73.35,5.366
1.0,0,21.3,41.9,3.7,22.0,61.98,1.341
1.5,1,46.0,95.3,2.93,85.29,111.36,4.212
2.7,0,44.4,80.7,5.53,6.86,9.27,0.984
1.5,0,51.7,124.2,0.67,85.51,99.17,5.265
2.0,0,119.0,194.9,3.97,78.35,39.49,9.2
1.2,0,46.1,112.8,5.91,14.06,18.32,1.253
2.0,1,111.8,266.3,5.4,88.76,47.63,10.602
1.5,0,46.2,55.6,3.14,31.25,40.56,2.107
2.7,0,90.6,203.8,4.16,47.58,31.5,6.927
1.5,1,84.8,184.0,3.76,25.47,18.03,1.513
1.5,0,101.4,210.5,0.92,59.35,35.13,5.36
2.7,0,77.8,160.8,4.61,16.47,12.7,2.316
2.7,0,82.5,160.4,4.08,63.87,46.44,8.163
2.4,1,80.0,90.0,3.99,67.21,50.41,5.096
1.5,0,62.4,112.2,2.16,99.69,95.82,6.48
2.0,0,81.1,93.3,0.93,9.97,7.37,0.896
1.2,0,38.9,83.5,1.43,26.16,40.34,1.554
1.0,0,77.6,145.5,2.25,78.33,60.59,3.289
1.2,0,101.9,235.5,3.63,65.33,38.46,6.542
2.7,0,97.5,151.7,4.98,41.37,25.46,5.776
1.2,0,43.5,65.9,3.29,15.12,20.85,0.985
2.4,1,69.3,154.0,2.69,28.46,24.65,2.237
1.2,0,50.3,124.3,1.46,75.8,90.42,4.715
1.5,0,105.3,140.4,1.87,15.18,8.65,1.241
1.2,0,31.3,61.8,0.92,6.4,12.26,0.323
1.0,0,109.7,264.6,3.15,31.28,17.12,2.43
2.7,0,67.7,140.7,2.99,25.3,22.42,3.349
1.2,0,99.5,183.7,5.04,19.34,11.66,1.71
1.2,0,107.5,148.2,2.44,76.71,42.81,5.959
1.5,1,101.5,250.8,4.52,74.26,43.92,5.429
2.4,1,89.1,173.2,2.62,94.13,63.37,7.961
1.2,0,25.6,58.4,4.06,4.82,11.31,0.364
1.5,0,23.1,44.3,5.51,60.91,158.01,5.118
1.5,1,80.4,155.7,5.76,53.85,40.17,3.529
2.2,1,17.8,42.2,2.18,51.81,175.02,5.082
1.2,0,93.7,224.4,4.26,20.1,12.87,1.63
2.0,0,81.2,161.2,4.7,41.25,30.48,4.133
1.2,0,31.0,71.5,2.81,73.78,142.8,4.687
2.2,1,17.8,43.9,4.97,11.2,37.66,1.423
1.5,0,27.2,37.3,2.39,20.45,45.12,1.598
2.4,1,61.5,86.2,2.15,96.78,94.45,6.797
2.4,1,98.7,201.6,5.54,95.71,58.19,10.795
1.5,1,56.3,123.0,5.48,61.02,64.97,3.587
2.0,1,107.7,246.2,1.88,80.65,44.94,8.185
1.5,1,63.6,106.1,3.05,71.9,67.85,3.653
2.0,1,52.1,102.1,3.2,72.86,83.86,5.709
2.7,0,17.1,40.9,5.07,28.91,101.5,6.074
2.0,1,80.6,91.9,2.9,60.69,45.17,5.416
1.5,0,48.5,58.6,4.8,92.65,114.7,6.433
1.5,0,27.9,40.8,5.69,82.74,177.63,7.754
2.0,1,93.7,118.9,3.34,45.54,29.16,3.901
2.0,1,37.9,44.8,5.59,98.2,155.34,9.969
1.2,0,73.8,133.6,4.08,75.98,61.74,4.389
2.7,0,81.9,92.1,2.25,94.07,68.9,11.03
2.0,0,110.5,261.3,5.07,41.85,22.73,5.79
2.4,1,95.6,136.3,3.13,57.41,36.04,5.391
1.2,0,84.5,185.9,3.7,83.69,59.46,5.764
2.4,1,112.3,232.5,4.19,47.79,25.54,5.538
1.2,0,77.2,138.2,5.13,70.4,54.7,4.677
2.0,0,115.5,232.5,5.36,56.52,29.36,8.606
2.2,1,33.6,42.1,4.91,35.92,64.21,2.837
2.7,0,93.3,118.3,4.78,38.31,24.64,5.477
2.0,0,100.4,248.3,4.76,53.32,31.85,6.957
2.0,0,116.8,170.4,2.81,21.28,10.93,2.169
1.2,0,86.5,210.2,2.06,9.95,6.9,0.703
1.5,1,81.4,138.7,1.19,78.27,57.68,3.776
1.2,0,62.4,147.1,2.14,39.96,38.43,2.927
1.2,0,75.7,124.5,4.76,14.67,11.62,0.966
2.2,1,57.7,68.2,4.38,51.31,53.32,3.472
1.5,1,46.9,108.9,3.35,17.47,22.38,1.058
2.0,0,17.4,30.4,4.85,17.75,61.3,2.358
2.0,0,118.9,250.2,5.96,46.44,23.44,6.401
2.4,1,29.5,34.2,0.57,33.82,68.81,2.372
2.0,1,21.4,36.6,0.64,15.13,42.35,1.083
2.0,1,113.7,188.0,3.23,26.07,13.76,2.452
2.2,1,67.0,76.8,4.19,38.7,34.68,2.846
2.4,1,66.8,135.3,4.5,78.13,70.22,7.111
2.0,1,27.8,63.2,2.63,53.82,116.05,4.768
2.4,1,51.3,85.6,1.15,75.33,88.02,5.124
1.2,0,33.0,63.7,4.78,32.61,59.27,2.263
2.0,1,86.7,215.3,0.57,32.0,22.16,2.383
1.2,0,84.1,198.1,4.8,47.28,33.73,4.349
1.0,0,100.2,182.2,0.72,94.73,56.73,4.884
2.7,0,107.2,129.8,3.55,82.78,46.35,14.715
2.0,1,67.4,97.5,2.01,82.55,73.49,6.429
2.7,0,26.4,52.7,5.75,47.65,108.37,8.079
2.0,1,36.3,73.1,4.16,47.1,77.92,4.4
1.5,1,17.6,22.6,1.24,4.31,14.71,0.242
1.5,1,83.2,117.8,3.17,34.19,24.66,2.242
2.0,0,50.6,105.1,2.1,51.01,60.53,4.861
1.0,0,40.1,97.6,4.0,60.52,90.58,3.66
1.5,0,82.8,96.3,5.22,97.07,70.3,9.404
2.0,0,38.7,62.4,2.21,31.95,49.51,3.057
2.2,1,50.3,68.6,1.91,54.25,64.7,3.242
2.4,1,55.9,135.9,2.9,56.06,60.21,4.747
2.0,0,21.2,42.5,2.61,16.32,46.22,1.529
2.2,1,115.5,244.8,3.4,94.27,48.96,10.75
1.5,1,68.0,160.1,5.34,75.44,66.52,5.127
2.0,1,92.3,145.4,1.16,43.34,28.17,2.95
1.5,1,83.9,152.2,1.8,92.37,66.03,4.207
1.5,1,115.4,138.4,3.86,12.02,6.25,0.81
1.2,0,113.8,174.3,2.63,3.84,2.02,0.344
1.5,1,93.7,216.6,2.79,86.8,55.59,5.405
2.0,0,67.4,160.7,3.57,27.0,24.05,2.393
1.5,0,75.1,87.1,3.85,53.29,42.57,3.862
1.2,0,97.0,177.4,2.54,96.61,59.76,5.424
2.7,0,77.3,97.6,2.22,48.6,37.7,5.535
2.7,0,81.6,177.7,1.0,31.13,22.88,4.056
1.5,0,86.1,101.9,2.34,84.98,59.19,6.48
2.7,0,46.7,116.5,4.67,60.91,78.34,8.818
2.7,0,32.4,69.1,2.03,96.18,178.17,14.69
2.2,1,26.5,41.0,5.04,65.85,149.1,5.966
1.2,0,36.2,82.4,5.79,22.81,37.79,1.699
2.0,0,98.1,213.8,4.33,82.43,50.41,8.666
1.2,0,84.4,172.7,2.51,84.59,60.14,6.142
2.4,1,75.6,83.7,4.42,42.6,33.81,3.199
2.0,0,45.6,102.0,1.7,3.13,4.12,0.251
2.0,0,82.6,124.9,1.85,17.24,12.52,1.361
2.7,0,107.4,153.6,1.95,14.54,8.12,2.088
1.5,0,51.5,127.5,5.6,97.25,113.24,7.662
2.0,1,49.5,55.3,2.65,51.9,62.89,3.395
1.0,0,29.0,50.0,3.79,72.96,150.95,4.469
2.0,1,40.3,76.3,3.61,23.36,34.75,1.84
2.4,1,82.1,123.8,3.76,77.29,56.47,7.794
1.2,0,67.9,121.1,2.91,4.72,4.17,0.231
1.5,1,115.2,184.8,5.36,16.58,8.63,1.428
2.0,0,78.0,103.4,0.84,82.08,63.15,5.734
2.0,1,18.2,27.7,2.4,56.76,187.61,5.705
1.5,1,115.7,226.4,0.53,56.5,29.31,3.226
2.0,1,25.7,54.6,3.4,44.85,104.64,4.56
2.0,1,85.5,140.4,2.54,2.45,1.72,0.186
2.7,0,103.5,153.6,2.71,94.11,54.58,13.278
2.4,1,17.3,34.1,5.62,88.7,307.32,11.181
1.2,0,70.9,79.9,5.37,79.31,67.1,5.586
2.7,0,48.2,99.7,5.0,74.61,92.95,12.005
1.5,0,88.6,179.8,5.47,55.1,37.33,5.293
1.5,0,32.8,47.0,5.77,45.52,83.19,4.054
1.2,0,39.9,83.0,5.51,11.16,16.78,1.07
1.2,0,106.5,235.2,4.32,52.52,29.58,4.811
1.0,0,47.5,80.4,4.39,38.36,48.46,1.916
2.7,0,83.0,99.9,2.08,57.82,41.78,7.048
1.2,0,113.5,174.7,4.87,53.1,28.08,4.388
2.2,1,110.8,146.2,2.27,45.04,24.39,3.992
2.2,1,102.4,236.2,2.55,38.74,22.7,4.158
1.0,0,60.7,112.0,0.56,83.63,82.72,3.493
1.0,0,92.7,168.6,0.9,45.13,29.21,2.253
1.2,0,109.8,248.8,2.31,32.04,17.51,3.191
1.2,0,45.2,94.3,2.56,14.95,19.86,0.952
1.5,1,35.8,43.6,2.73,26.05,43.64,1.455
2.0,1,101.7,213.8,4.05,91.81,54.16,9.623
1.2,0,58.5,94.9,2.8,22.23,22.8,1.083
1.2,0,40.7,83.7,5.45,36.34,53.52,2.328
1.2,0,49.0,103.7,5.0,59.63,72.95,4.067
2.0,1,46.1,65.8,2.02,20.69,26.96,1.503
1.2,0,117.1,263.1,1.44,72.57,37.18,5.117
1.2,0,109.6,247.2,1.31,99.93,54.69,8.528
2.4,1,30.1,47.9,3.72,15.6,31.07,1.537
2.7,0,25.8,32.6,3.4,62.77,145.99,8.496
1.2,0,100.0,119.5,2.04,5.83,3.5,0.317
1.2,0,72.2,113.2,2.2,29.6,24.59,1.711
2.7,0,85.9,133.7,3.51,45.55,31.83,5.819
2.4,1,94.6,162.0,0.73,68.81,43.64,5.217
2.7,0,30.3,68.5,5.24,53.74,106.59,8.451
2.0,1,59.1,83.4,0.53,26.19,26.59,1.591
1.5,1,18.2,41.1,3.2,64.9,213.94,5.122
1.5,0,116.5,226.7,4.97,50.62,26.07,4.895
2.0,1,51.6,93.2,3.33,99.22,115.41,7.271
1.0,0,67.9,111.3,1.39,82.43,72.83,3.487
1.2,0,73.5,151.0,4.34,47.13,38.47,3.411
1.5,1,91.8,108.3,3.58,76.02,49.68,4.558
1.2,0,64.1,75.7,3.12,4.7,4.4,0.275
1.5,1,104.3,208.4,5.08,70.67,40.65,5.137
2.0,1,42.9,48.7,2.62,51.93,72.68,4.014
2.0,0,32.8,49.5,0.61,48.35,88.51,4.34
1.5,1,106.5,142.5,5.18,77.74,43.8,6.297
2.7,0,86.0,172.7,4.91,62.38,43.53,8.819
1.2,0,107.0,131.1,5.53,92.7,51.99,9.812
1.0,0,95.8,176.3,3.8,63.57,39.79,3.382
2.0,0,116.3,210.5,2.59,17.44,9.0,1.886
1.2,0,89.1,116.5,4.3,4.1,2.76,0.251
2.7,0,89.7,179.3,3.13,68.14,45.56,9.918
2.4,1,60.1,88.2,3.18,41.62,41.55,3.547
2.2,1,32.4,72.8,4.92,62.22,115.28,5.831
2.0,0,26.9,62.7,1.3,17.25,38.5,1.517
2.0,1,69.5,112.2,5.95,86.46,74.66,7.438
1.2,0,118.9,291.8,1.54,94.77,47.82,6.96
1.5,1,97.6,144.6,2.13,8.79,5.41,0.463
2.0,1,67.4,141.1,4.63,7.83,6.97,0.646
1.0,0,96.9,158.2,5.0,99.35,61.53,7.043
1.2,0,62.8,134.6,1.3,89.71,85.76,5.101
1.5,0,15.6,35.4,1.06,10.0,38.34,0.952
2.2,1,54.9,104.7,3.93,82.63,90.23,6.49
2.0,0,81.4,147.2,0.6,13.13,9.68,1.137
1.0,0,104.3,174.5,5.89,23.18,13.33,1.731
1.5,1,108.4,199.9,1.87,60.03,33.24,3.564
1.5,0,105.0,160.2,4.96,91.31,52.16,7.731
2.4,1,41.8,56.3,3.81,71.15,102.1,5.572
1.2,0,116.0,234.9,5.57,57.47,29.73,5.863
2.7,0,50.6,92.7,3.34,22.4,26.55,2.837
2.2,1,109.8,215.9,1.67,93.23,50.95,7.91
2.2,1,59.7,67.0,0.65,48.17,48.42,2.82
1.5,0,66.1,122.4,3.16,43.26,39.28,3.099
2.7,0,79.7,167.3,5.41,34.52,25.98,5.497
2.0,1,83.1,181.2,2.73,95.31,68.81,8.849
2.7,0,57.4,112.9,1.79,75.88,79.26,7.171
1.5,0,47.7,90.9,1.65,39.77,50.04,2.435
1.2,0,77.8,177.7,1.78,81.84,63.15,4.048
1.2,0,42.5,85.7,4.35,35.82,50.55,2.614
2.7,0,114.5,177.2,1.51,37.83,19.83,5.28
2.0,0,112.0,261.5,2.09,46.61,24.96,5.918
1.5,0,50.4,86.8,5.45,37.13,44.2,2.853
2.2,1,99.1,112.1,4.24,75.03,45.43,6.442
2.0,1,119.9,261.8,3.16,3.0,1.5,0.358
2.0,1,106.4,249.4,2.52,19.93,11.24,2.258
1.2,0,58.0,121.8,4.21,3.0,3.11,0.181
1.5,1,32.5,69.0,1.82,48.52,89.49,2.534
2.0,1,66.5,73.6,1.74,20.99,18.94,1.422
1.0,0,89.6,139.1,1.17,55.47,37.14,2.513
1.2,0,19.5,24.1,3.37,59.72,183.7,4.997
1.2,0,103.4,251.7,3.24,76.53,44.42,7.614
2.0,0,105.2,164.0,4.42,66.0,37.66,8.033
2.4,1,44.9,90.4,1.66,78.96,105.61,5.339
1.5,0,29.1,48.9,0.99,13.12,27.01,0.932
1.0,0,31.4,58.4,2.01,23.76,45.45,1.272
2.0,1,17.1,42.6,3.21,48.64,170.67,5.939
1.5,1,80.2,137.2,2.73,24.76,18.54,1.234
1.2,0,90.4,117.6,5.53,88.19,58.55,6.064
2.7,0,43.2,103.9,4.25,67.2,93.4,8.739
2.7,0,45.5,80.4,2.4,51.57,68.02,5.317
2.0,1,99.8,126.9,3.3,34.95,21.01,3.013
1.5,0,23.3,51.2,5.43,97.45,251.24,9.661
1.5,0,20.3,22.9,2.87,43.82,129.72,2.968
2.2,1,117.5,293.1,4.61,27.13,13.85,3.295
2.2,1,62.2,93.2,4.51,49.6,47.81,3.446
2.2,1,91.2,130.5,1.26,50.94,33.53,3.883
2.7,0,106.3,142.9,0.66,18.12,10.22,2.64
2.7,0,48.6,63.1,5.72,98.62,121.78,12.608
2.7,0,40.3,94.4,5.19,34.16,50.89,4.635
2.0,1,109.4,258.7,1.2,22.03,12.08,2.071
1.5,1,106.7,265.6,1.1,63.85,35.92,3.988
2.0,0,119.2,145.8,3.36,30.97,15.6,3.747
2.7,0,41.8,67.5,5.7,50.15,71.94,6.847
1.5,0,97.9,143.3,4.99,28.03,17.18,1.994
2.4,1,93.9,196.8,4.03,88.26,56.42,9.473
1.0,0,35.5,42.0,2.78,62.52,105.53,3.389
1.2,0,21.5,35.7,2.16,25.56,71.28,1.572
1.2,0,32.0,39.8,0.74,71.97,134.89,3.699
1.0,0,63.4,99.1,4.82,11.21,10.61,0.614
2.0,1,50.3,58.6,2.54,52.79,62.97,3.381
1.0,0,50.2,125.1,5.92,20.6,24.61,1.308
2.4,1,32.6,81.1,2.99,14.33,26.36,1.253
1.5,1,109.4,163.0,3.67,13.31,7.3,0.93
1.5,1,22.4,52.5,1.59,76.18,204.2,4.064
1.5,1,48.3,118.9,1.01,59.39,73.73,3.005
1.2,0,86.6,118.9,4.02,11.25,7.8,0.884
2.7,0,54.8,87.2,1.09,5.85,6.4,0.624
2.7,0,66.7,81.9,5.77,67.23,60.5,8.354
1.2,0,48.9,94.6,2.02,73.87,90.7,4.716
1.2,0,71.6,142.7,3.96,71.4,59.86,4.194
2.4,1,86.9,196.6,2.33,24.89,17.2,2.463
1.5,0,107.0,161.1,2.72,80.75,45.28,7.04
2.2,1,38.7,94.4,0.98,2.42,3.76,0.198
2.2,1,69.3,100.3,3.84,74.22,64.26,6.094
2.0,1,39.4,68.9,4.03,54.86,83.56,4.551
2.0,1,50.9,65.6,5.1,88.27,104.03,7.69
1.2,0,74.4,103.7,3.5,80.29,64.79,4.825
1.5,0,57.2,64.7,3.86,43.47,45.56,3.231
2.4,1,92.6,206.8,5.9,20.56,13.32,2.244
2.4,1,114.1,229.9,3.43,21.95,11.54,2.781
2.7,0,40.3,99.0,3.31,29.64,44.14,3.744
1.2,0,82.0,199.7,1.77,2.58,1.89,0.185
2.0,1,65.2,77.3,3.0,30.18,27.79,2.045
1.2,0,49.9,79.6,2.2,97.92,117.7,5.573
1.0,0,43.5,75.5,5.69,19.98,27.57,1.219
1.5,0,85.5,180.6,0.67,11.69,8.21,0.817
2.0,1,40.7,45.1,5.34,31.01,45.68,2.477
1.0,0,115.3,254.8,2.57,8.46,4.4,0.53
2.7,0,74.1,112.1,2.16,43.6,35.28,4.618
2.7,0,19.4,27.7,4.95,83.73,258.88,12.973
2.2,1,87.8,130.1,3.01,31.12,21.27,2.496
1.2,0,75.9,171.3,2.5,36.09,28.53,2.066
1.5,1,35.7,42.8,0.75,5.79,9.74,0.289
2.2,1,32.3,47.1,2.84,89.16,165.67,7.153
2.2,1,89.5,132.5,3.26,17.31,11.61,1.442
2.7,0,38.5,80.0,1.81,93.94,146.38,11.432
1.5,0,111.8,199.8,4.51,38.95,20.91,3.359
2.7,0,35.6,62.0,5.3,10.43,17.56,1.467
2.0,0,94.6,115.2,3.08,44.66,28.33,4.416
1.0,0,37.9,64.2,5.85,83.02,131.54,4.949
2.4,1,91.7,190.4,4.68,46.83,30.66,4.432
2.0,0,83.0,162.1,0.89,8.37,6.05,0.779
1.5,0,43.7,103.2,1.21,34.41,47.23,2.083
2.2,1,59.3,115.9,2.72,56.04,56.74,3.516
2.2,1,104.8,216.6,5.9,79.22,45.36,9.829
2.2,1,96.5,142.5,0.83,41.77,25.98,2.789
2.0,0,114.4,261.6,3.76,41.32,21.67,5.198
2.7,0,32.5,48.3,1.81,50.88,93.83,5.607
1.2,0,105.5,263.0,5.58,86.35,49.12,10.564
1.0,0,87.3,116.4,1.36,6.78,4.66,0.319
2.0,0,117.8,254.6,0.82,51.87,26.43,5.777
1.2,0,25.5,31.7,2.67,51.28,120.69,3.378
2.0,0,48.3,57.5,1.42,86.01,106.74,6.482
1.5,1,99.9,225.1,3.53,19.36,11.62,1.188
2.7,0,100.1,226.5,0.8,71.77,43.03,9.726
1.5,1,53.5,124.9,4.9,92.74,103.93,5.126
2.4,1,58.4,114.6,1.15,39.87,40.97,2.782
2.7,0,47.8,81.9,2.0,47.21,59.32,4.258
1.5,0,102.4,171.9,4.0,24.76,14.51,2.361
2.4,1,75.4,132.1,4.06,47.69,37.97,3.926
2.0,0,103.0,214.6,2.31,83.41,48.57,10.066
1.5,0,82.8,101.2,5.69,79.06,57.3,6.594
1.2,0,29.8,36.8,2.4,85.78,172.46,5.644
2.2,1,74.4,126.0,3.04,55.2,44.52,4.539
2.2,1,17.8,22.5,4.52,38.18,128.4,3.876
2.0,1,70.8,125.5,4.94,43.5,36.88,3.571
1.5,0,116.2,201.4,4.68,71.2,36.78,6.616
2.7,0,55.2,69.0,1.24,84.02,91.35,8.822
2.4,1,102.0,123.7,3.94,87.08,51.23,10.042
2.2,1,93.2,158.4,5.12,54.01,34.75,5.519
2.2,1,42.4,68.6,0.8,72.97,103.36,4.211
2.0,1,97.5,137.2,5.04,13.96,8.59,1.433
2.4,1,70.2,113.4,2.84,49.24,42.06,3.36
1.2,0,57.6,141.4,1.61,58.8,61.28,2.823
1.2,0,67.6,123.2,0.7,95.74,84.99,4.262
2.2,1,56.5,95.1,4.04,66.88,70.97,4.67
2.2,1,69.7,102.0,4.22,37.93,32.64,2.834
2.0,0,28.2,45.9,3.48,9.13,19.42,0.953
1.2,0,36.8,86.1,5.29,5.27,8.58,0.519
1.0,0,113.7,269.6,3.69,15.62,8.24,1.15
2.0,0,94.4,211.6,1.71,73.43,46.69,6.682
2.4,1,73.6,99.9,4.26,61.79,50.38,5.411
1.2,0,16.0,19.4,4.73,69.19,259.73,5.869
1.0,0,104.2,179.1,1.94,3.04,1.75,0.184
1.5,0,37.4,59.5,2.1,67.51,108.38,5.201
2.0,0,51.8,103.6,3.48,27.61,32.0,2.518
2.0,1,35.2,43.0,3.95,40.62,69.27,3.373
2.2,1,73.7,112.1,5.99,41.78,34.02,3.322
1.2,0,24.5,38.9,1.37,96.66,236.59,6.271
2.4,1,37.7,89.3,4.85,34.65,55.07,3.282
2.2,1,49.9,93.8,0.76,91.61,110.09,5.266
2.7,0,26.5,38.6,5.11,62.29,141.16,9.143
1.0,0,99.1,213.5,5.16,62.73,37.99,4.465
2.0,1,81.4,138.2,1.88,72.08,53.14,5.019
2.4,1,52.5,108.8,4.07,67.7,77.41,6.131
2.2,1,106.4,136.3,1.09,29.71,16.75,2.552
1.0,0,52.8,115.9,4.6,90.71,103.08,4.885
1.2,0,59.4,113.0,5.86,9.83,9.93,0.731
1.5,0,17.4,39.3,5.13,75.14,258.6,8.534
1.2,0,62.2,98.3,4.45,22.93,22.13,1.352
1.5,0,44.4,90.9,1.29,13.9,18.78,0.806
2.0,1,95.5,122.1,5.29,84.59,53.12,8.858
1.2,0,15.2,32.3,5.33,34.86,137.93,3.601
2.0,0,101.9,208.6,3.09,91.73,54.03,11.846
1.5,1,23.3,56.6,3.45,58.82,151.41,3.971
2.2,1,45.6,95.4,4.08,45.2,59.51,3.653
2.4,1,44.8,54.6,1.98,33.48,44.87,2.253
1.0,0,82.3,187.8,2.79,36.69,26.75,2.15
2.4,1,79.8,154.6,1.21,72.8,54.76,4.95
2.0,1,32.6,76.4,3.74,68.57,126.02,6.439
2.7,0,99.7,155.8,1.41,39.07,23.51,4.106
2.0,1,108.2,148.9,2.92,75.44,41.82,7.431
2.4,1,72.5,101.9,0.64,61.17,50.62,4.252
1.5,1,87.9,97.0,3.52,41.3,28.2,2.381
1.0,0,32.9,44.6,1.11,94.41,171.93,4.68
2.0,1,18.4,29.5,5.17,39.63,129.13,4.796
2.0,1,97.4,115.1,1.46,34.75,21.4,2.456
2.2,1,35.5,65.4,3.64,43.65,73.86,3.57
1.2,0,58.4,123.7,1.51,82.64,84.89,4.083
1.2,0,90.5,170.4,3.17,43.5,28.83,2.87
2.0,0,89.0,179.3,2.38,20.17,13.59,1.945
1.0,0,72.4,168.5,4.02,82.29,68.17,4.103
1.2,0,88.3,154.4,4.66,59.28,40.3,4.139
2.0,0,98.0,168.6,5.22,4.44,2.72,0.468
2.0,1,73.7,144.4,5.62,66.24,53.93,5.94
